board_rid,board_name,board_rank,bvid,source_type,source_ref,discovered_at,last_seen_at,owner_mid,tid,pubdate,duration_seconds,seed_score,source_refs
,,,BV1RYXQBKEEd,hot,hot:pn=1:ps=20,2026-04-04T11:40:37.942228+00:00,2026-04-04T11:40:37.942228+00:00,777536,182,2026-03-29T12:13:19+00:00,342,11525376.0,hot:pn=1:ps=20
,,,BV1WX9gBKEnC,hot,hot:pn=1:ps=20,2026-04-04T11:40:37.942228+00:00,2026-04-04T11:40:37.942228+00:00,15385187,20,2026-04-04T04:25:00+00:00,72,267188.0,hot:pn=1:ps=20
,,,BV1REXCBCEHB,hot,hot:pn=1:ps=20,2026-04-04T11:40:37.942228+00:00,2026-04-04T11:40:37.942228+00:00,30222764,22,2026-04-01T03:00:00+00:00,114,6802894.0,hot:pn=1:ps=20
,,,BV1st9FBkE1T,hot,hot:pn=1:ps=20,2026-04-04T11:40:37.942228+00:00,2026-04-04T11:40:37.942228+00:00,16054375,22,2026-04-02T13:18:20+00:00,96,1705167.0,hot:pn=1:ps=20
,,,BV18e9MB6Eer,hot,hot:pn=1:ps=20,2026-04-04T11:40:37.942228+00:00,2026-04-04T11:40:37.942228+00:00,52250,176,2026-04-04T04:00:00+00:00,829,240470.0,hot:pn=1:ps=20
,,,BV1KW9FBLEaD,hot,hot:pn=1:ps=20,2026-04-04T11:40:37.942228+00:00,2026-04-04T11:40:37.942228+00:00,346749212,183,2026-04-02T12:40:55+00:00,277,1796234.0,hot:pn=1:ps=20
,,,BV1xxDPBUEme,hot,hot:pn=1:ps=20,2026-04-04T11:40:37.942228+00:00,2026-04-04T11:40:37.942228+00:00,20457232,241,2026-04-04T01:28:16+00:00,513,1074745.0,hot:pn=1:ps=20
,,,BV1qaXhBjE5d,hot,hot:pn=1:ps=20,2026-04-04T11:40:37.942228+00:00,2026-04-04T11:40:37.942228+00:00,37607457,161,2026-03-30T10:00:00+00:00,675,4151697.0,hot:pn=1:ps=20
,,,BV1SD9NBwE7N,hot,hot:pn=1:ps=20,2026-04-04T11:40:37.942228+00:00,2026-04-04T11:40:37.942228+00:00,3546772089604679,21,2026-04-03T09:30:00+00:00,125,703022.0,hot:pn=1:ps=20
,,,BV1xw9MBaE4W,hot,hot:pn=1:ps=20,2026-04-04T11:40:37.942228+00:00,2026-04-04T11:40:37.942228+00:00,3957971,213,2026-04-04T03:30:00+00:00,918,423540.0,hot:pn=1:ps=20
,,,BV1SP9ABREvt,hot,hot:pn=1:ps=20,2026-04-04T11:40:37.942228+00:00,2026-04-04T11:40:37.942228+00:00,406636263,213,2026-04-03T10:18:18+00:00,538,822666.0,hot:pn=1:ps=20
,,,BV1mg9NBbEaH,hot,hot:pn=1:ps=20,2026-04-04T11:40:37.942228+00:00,2026-04-04T11:40:37.942228+00:00,1131457022,21,2026-04-03T02:25:45+00:00,12,5408284.0,hot:pn=1:ps=20
,,,BV1tU95BsEuu,hot,hot:pn=1:ps=20,2026-04-04T11:40:37.942228+00:00,2026-04-04T11:40:37.942228+00:00,390898500,182,2026-04-01T10:00:00+00:00,1074,4319543.0,hot:pn=1:ps=20
,,,BV12UDNBXE1z,hot,hot:pn=1:ps=20,2026-04-04T11:40:37.942228+00:00,2026-04-04T11:40:37.942228+00:00,525952604,183,2026-04-04T05:52:42+00:00,41,1636757.0,hot:pn=1:ps=20
,,,BV17T9VBeEcp,hot,hot:pn=1:ps=20,2026-04-04T11:40:37.942228+00:00,2026-04-04T11:40:37.942228+00:00,1497463202,208,2026-04-01T02:05:09+00:00,112,3934402.0,hot:pn=1:ps=20
,,,BV1w99gBvE1k,hot,hot:pn=1:ps=20,2026-04-04T11:40:37.942228+00:00,2026-04-04T11:40:37.942228+00:00,3546588595096095,138,2026-04-03T13:45:57+00:00,403,720381.0,hot:pn=1:ps=20
,,,BV1A89FB3EUa,hot,hot:pn=1:ps=20,2026-04-04T11:40:37.942228+00:00,2026-04-04T11:40:37.942228+00:00,322399312,31,2026-04-02T13:32:31+00:00,91,371653.0,hot:pn=1:ps=20
,,,BV1FD9MBfEn5,hot,hot:pn=1:ps=20,2026-04-04T11:40:37.942228+00:00,2026-04-04T11:40:37.942228+00:00,2930404,208,2026-04-03T10:24:39+00:00,1833,451920.0,hot:pn=1:ps=20
,,,BV1kt9TBREgY,hot,hot:pn=1:ps=20,2026-04-04T11:40:37.942228+00:00,2026-04-04T11:40:37.942228+00:00,3493260093819171,212,2026-04-03T09:00:00+00:00,582,979182.0,hot:pn=1:ps=20
,,,BV1jkXUBYE7V,hot,hot:pn=1:ps=20,2026-04-04T11:40:37.942228+00:00,2026-04-04T11:40:37.942228+00:00,14020428,198,2026-03-29T01:37:39+00:00,105,4753829.0,hot:pn=1:ps=20
,,,BV1bd9EBKEkm,hot,hot:pn=2:ps=20,2026-04-04T11:40:37.942228+00:00,2026-04-04T11:40:37.942228+00:00,29684184,216,2026-04-01T13:34:30+00:00,335,3962380.0,hot:pn=2:ps=20
,,,BV1PdXQBHEv9,hot,hot:pn=2:ps=20,2026-04-04T11:40:37.942228+00:00,2026-04-04T11:40:37.942228+00:00,15377173,24,2026-03-29T11:21:04+00:00,131,5427194.0,hot:pn=2:ps=20
,,,BV1Bh9TBXE1J,hot,hot:pn=2:ps=20,2026-04-04T11:40:37.942228+00:00,2026-04-04T11:40:37.942228+00:00,7518140,126,2026-04-03T09:30:00+00:00,138,476416.0,hot:pn=2:ps=20
,,,BV1VtXfB9EZ9,hot,hot:pn=2:ps=20,2026-04-04T11:40:37.942228+00:00,2026-04-04T11:40:37.942228+00:00,3546584625186941,124,2026-04-02T10:00:00+00:00,353,2191357.0,hot:pn=2:ps=20
,,,BV1ue9MB6E3F,hot,hot:pn=2:ps=20,2026-04-04T11:40:37.942228+00:00,2026-04-04T11:40:37.942228+00:00,28330240,162,2026-04-03T11:26:05+00:00,37,3602249.0,hot:pn=2:ps=20
,,,BV1rkXrBJESU,hot,hot:pn=2:ps=20,2026-04-04T11:40:37.942228+00:00,2026-04-04T11:40:37.942228+00:00,80900494,228,2026-03-31T09:49:48+00:00,680,5186070.0,hot:pn=2:ps=20
,,,BV1shDPBLEF5,hot,hot:pn=2:ps=20,2026-04-04T11:40:37.942228+00:00,2026-04-04T11:40:37.942228+00:00,424658638,85,2026-04-04T00:05:01+00:00,60,945945.0,hot:pn=2:ps=20
,,,BV1KY9LBsEsY,hot,hot:pn=2:ps=20,2026-04-04T11:40:37.942228+00:00,2026-04-04T11:40:37.942228+00:00,478691043,213,2026-04-01T08:50:00+00:00,813,4299816.0,hot:pn=2:ps=20
,,,BV1d59LBiE6e,hot,hot:pn=2:ps=20,2026-04-04T11:40:37.942228+00:00,2026-04-04T11:40:37.942228+00:00,3493288858356086,130,2026-04-01T05:34:26+00:00,134,1537497.0,hot:pn=2:ps=20
,,,BV17e9jBCE4a,hot,hot:pn=2:ps=20,2026-04-04T11:40:37.942228+00:00,2026-04-04T11:40:37.942228+00:00,395151861,183,2026-04-01T10:59:40+00:00,157,2921524.0,hot:pn=2:ps=20
,,,BV1zkXzBrEYr,hot,hot:pn=2:ps=20,2026-04-04T11:40:37.942228+00:00,2026-04-04T11:40:37.942228+00:00,8060090,20,2026-03-31T05:56:39+00:00,66,1333565.0,hot:pn=2:ps=20
,,,BV17MXXBVEu4,hot,hot:pn=2:ps=20,2026-04-04T11:40:37.942228+00:00,2026-04-04T11:40:37.942228+00:00,408672114,182,2026-03-29T11:54:10+00:00,962,4953764.0,hot:pn=2:ps=20
,,,BV1PGDNB7EnN,hot,hot:pn=2:ps=20,2026-04-04T11:40:37.942228+00:00,2026-04-04T11:40:37.942228+00:00,3537111164652446,17,2026-04-04T00:28:35+00:00,630,330435.0,hot:pn=2:ps=20
,,,BV1ze9uBbELZ,hot,hot:pn=2:ps=20,2026-04-04T11:40:37.942228+00:00,2026-04-04T11:40:37.942228+00:00,203337614,182,2026-04-03T09:31:06+00:00,690,686368.0,hot:pn=2:ps=20
,,,BV1KH9uBBEwJ,hot,hot:pn=2:ps=20,2026-04-04T11:40:37.942228+00:00,2026-04-04T11:40:37.942228+00:00,1437599419,138,2026-04-03T08:55:48+00:00,40,5048310.0,hot:pn=2:ps=20
,,,BV18N9jBaEQV,hot,hot:pn=2:ps=20,2026-04-04T11:40:37.942228+00:00,2026-04-04T11:40:37.942228+00:00,3546697340815504,21,2026-04-03T10:00:00+00:00,356,354050.0,hot:pn=2:ps=20
,,,BV1ndXfBvE1x,hot,hot:pn=2:ps=20,2026-04-04T11:40:37.942228+00:00,2026-04-04T11:40:37.942228+00:00,1343321779,251,2026-04-02T13:41:16+00:00,182,3104273.0,hot:pn=2:ps=20
,,,BV1iADwBdESW,hot,hot:pn=2:ps=20,2026-04-04T11:40:37.942228+00:00,2026-04-04T11:40:37.942228+00:00,268941858,172,2026-04-04T01:00:00+00:00,196,884969.0,hot:pn=2:ps=20
,,,BV1dh9cBbEFx,hot,hot:pn=2:ps=20,2026-04-04T11:40:37.942228+00:00,2026-04-04T11:40:37.942228+00:00,296465852,130,2026-04-03T00:20:00+00:00,265,771053.0,hot:pn=2:ps=20
,,,BV1c19PB2Eun,hot,hot:pn=2:ps=20,2026-04-04T11:40:37.942228+00:00,2026-04-04T11:40:37.942228+00:00,1368498772,31,2026-04-03T10:25:00+00:00,281,1490142.0,hot:pn=2:ps=20
,,,BV1Vu9FBREpk,hot,hot:pn=3:ps=20,2026-04-04T11:40:37.942228+00:00,2026-04-04T11:40:37.942228+00:00,327838817,183,2026-04-02T14:11:13+00:00,87,996222.0,hot:pn=3:ps=20
,,,BV18MXyBgEFF,hot,hot:pn=3:ps=20,2026-04-04T11:40:37.942228+00:00,2026-04-04T11:40:37.942228+00:00,1829045,17,2026-04-03T01:28:30+00:00,397,1414646.0,hot:pn=3:ps=20
,,,BV1iQ9LB3EqT,hot,hot:pn=3:ps=20,2026-04-04T11:40:37.942228+00:00,2026-04-04T11:40:37.942228+00:00,96697739,27,2026-04-01T02:57:34+00:00,249,624816.0,hot:pn=3:ps=20
,,,BV1hS9TB6EZQ,hot,hot:pn=3:ps=20,2026-04-04T11:40:37.942228+00:00,2026-04-04T11:40:37.942228+00:00,65582571,242,2026-04-03T05:15:44+00:00,31,1192179.0,hot:pn=3:ps=20
,,,BV1j29pBZEws,hot,hot:pn=3:ps=20,2026-04-04T11:40:37.942228+00:00,2026-04-04T11:40:37.942228+00:00,3706954885106243,21,2026-04-02T05:02:51+00:00,107,377803.0,hot:pn=3:ps=20
,,,BV1mb9wBSEsT,hot,hot:pn=3:ps=20,2026-04-04T11:40:37.942228+00:00,2026-04-04T11:40:37.942228+00:00,474853499,85,2026-04-03T10:40:00+00:00,167,1173998.0,hot:pn=3:ps=20
,,,BV1wU9MBcEpG,hot,hot:pn=3:ps=20,2026-04-04T11:40:37.942228+00:00,2026-04-04T11:40:37.942228+00:00,42551631,17,2026-04-03T11:53:38+00:00,105,1050649.0,hot:pn=3:ps=20
,,,BV1cW9NBDEXp,hot,hot:pn=3:ps=20,2026-04-04T11:40:37.942228+00:00,2026-04-04T11:40:37.942228+00:00,357444323,212,2026-04-03T03:10:33+00:00,132,723371.0,hot:pn=3:ps=20
,,,BV1oi9NBrEM3,hot,hot:pn=3:ps=20,2026-04-04T11:40:37.942228+00:00,2026-04-04T11:40:37.942228+00:00,5024187,27,2026-04-03T03:30:00+00:00,1357,1087242.0,hot:pn=3:ps=20
,,,BV1619LBLEHK,hot,hot:pn=3:ps=20,2026-04-04T11:40:37.942228+00:00,2026-04-04T11:40:37.942228+00:00,477676711,28,2026-04-01T04:12:11+00:00,103,3073554.0,hot:pn=3:ps=20
,,,BV1od9KB2E7A,hot,hot:pn=3:ps=20,2026-04-04T11:40:37.942228+00:00,2026-04-04T11:40:37.942228+00:00,591402619,31,2026-04-03T10:00:00+00:00,1651,600903.0,hot:pn=3:ps=20
,,,BV16fDABTEgv,hot,hot:pn=3:ps=20,2026-04-04T11:40:37.942228+00:00,2026-04-04T11:40:37.942228+00:00,3546971209992737,219,2026-04-04T03:02:42+00:00,130,209790.0,hot:pn=3:ps=20
,,,BV1HrXXBSEY8,hot,hot:pn=3:ps=20,2026-04-04T11:40:37.942228+00:00,2026-04-04T11:40:37.942228+00:00,91790758,216,2026-03-29T17:48:35+00:00,102,3190792.0,hot:pn=3:ps=20
,,,BV1URXZBLECN,hot,hot:pn=3:ps=20,2026-04-04T11:40:37.942228+00:00,2026-04-04T11:40:37.942228+00:00,2248410,252,2026-04-02T08:55:53+00:00,133,1009843.0,hot:pn=3:ps=20
,,,BV19G93BHE3m,hot,hot:pn=3:ps=20,2026-04-04T11:40:37.942228+00:00,2026-04-04T11:40:37.942228+00:00,2083634390,182,2026-04-04T03:05:00+00:00,2913,287882.0,hot:pn=3:ps=20
,,,BV1yyXmBGEeo,hot,hot:pn=3:ps=20,2026-04-04T11:40:37.942228+00:00,2026-04-04T11:40:37.942228+00:00,701734634,221,2026-03-29T10:00:00+00:00,276,7486366.0,hot:pn=3:ps=20
,,,BV1xD9ABWERJ,hot,hot:pn=3:ps=20,2026-04-04T11:40:37.942228+00:00,2026-04-04T11:40:37.942228+00:00,3493269774272811,21,2026-04-02T22:09:33+00:00,30,2279220.0,hot:pn=3:ps=20
,,,BV12cXfB3Erz,hot,hot:pn=3:ps=20,2026-04-04T11:40:37.942228+00:00,2026-04-04T11:40:37.942228+00:00,1098173832,138,2026-04-03T09:20:00+00:00,351,2589824.0,hot:pn=3:ps=20
,,,BV1gh9MBkEqr,hot,hot:pn=3:ps=20,2026-04-04T11:40:37.942228+00:00,2026-04-04T11:40:37.942228+00:00,3546693565941903,254,2026-04-03T11:17:51+00:00,137,200224.0,hot:pn=3:ps=20
,,,BV1QpDMBTEk6,hot,hot:pn=3:ps=20,2026-04-04T11:40:37.942228+00:00,2026-04-04T11:40:37.942228+00:00,13167438,47,2026-04-04T08:55:00+00:00,134,145638.0,hot:pn=3:ps=20
,,,BV1nRXfBNEtz,hot,hot:pn=4:ps=20,2026-04-04T11:40:37.942228+00:00,2026-04-04T11:40:37.942228+00:00,3493260618106936,138,2026-04-03T04:00:00+00:00,150,4343910.0,hot:pn=4:ps=20
,,,BV1Df9FBnE1u,hot,hot:pn=4:ps=20,2026-04-04T11:40:37.942228+00:00,2026-04-04T11:40:37.942228+00:00,2057895471,138,2026-04-03T11:30:00+00:00,280,3154984.0,hot:pn=4:ps=20
,,,BV1LA9uBDEu6,hot,hot:pn=4:ps=20,2026-04-04T11:40:37.942228+00:00,2026-04-04T11:40:37.942228+00:00,1779740,183,2026-04-03T10:56:01+00:00,207,121526.0,hot:pn=4:ps=20
,,,BV1C49uBPEWS,hot,hot:pn=4:ps=20,2026-04-04T11:40:37.942228+00:00,2026-04-04T11:40:37.942228+00:00,16725605,17,2026-04-03T10:06:09+00:00,1863,674191.0,hot:pn=4:ps=20
,,,BV1h19jBNEDS,hot,hot:pn=4:ps=20,2026-04-04T11:40:37.942228+00:00,2026-04-04T11:40:37.942228+00:00,111522104,241,2026-04-01T09:35:50+00:00,742,1646987.0,hot:pn=4:ps=20
,,,BV165XfBaErz,hot,hot:pn=4:ps=20,2026-04-04T11:40:37.942228+00:00,2026-04-04T11:40:37.942228+00:00,386869863,182,2026-04-02T09:00:00+00:00,1794,2082721.0,hot:pn=4:ps=20
,,,BV1ck9VB6EMp,hot,hot:pn=4:ps=20,2026-04-04T11:40:37.942228+00:00,2026-04-04T11:40:37.942228+00:00,456664753,21,2026-04-01T00:45:36+00:00,239,2038276.0,hot:pn=4:ps=20
,,,BV1DP9NBYEuB,hot,hot:pn=4:ps=20,2026-04-04T11:40:37.942228+00:00,2026-04-04T11:40:37.942228+00:00,1201986019,215,2026-04-03T09:58:00+00:00,145,1572490.0,hot:pn=4:ps=20
,,,BV13x9KBMEWw,hot,hot:pn=4:ps=20,2026-04-04T11:40:37.942228+00:00,2026-04-04T11:40:37.942228+00:00,86439234,245,2026-04-03T10:50:00+00:00,1745,838284.0,hot:pn=4:ps=20
,,,BV1KW9uBTEBb,hot,hot:pn=4:ps=20,2026-04-04T11:40:37.942228+00:00,2026-04-04T11:40:37.942228+00:00,12879173,21,2026-04-03T09:07:06+00:00,165,1130540.0,hot:pn=4:ps=20
,,,BV1KpXZBuEAS,hot,hot:pn=4:ps=20,2026-04-04T11:40:37.942228+00:00,2026-04-04T11:40:37.942228+00:00,10119428,182,2026-04-03T10:00:00+00:00,2636,586115.0,hot:pn=4:ps=20
,,,BV1TwXfBrEtg,hot,hot:pn=4:ps=20,2026-04-04T11:40:37.942228+00:00,2026-04-04T11:40:37.942228+00:00,3546687932991974,28,2026-04-04T04:00:00+00:00,16,684562.0,hot:pn=4:ps=20
,,,BV1wh9FB6Ef1,hot,hot:pn=4:ps=20,2026-04-04T11:40:37.942228+00:00,2026-04-04T11:40:37.942228+00:00,3546756077848946,201,2026-04-02T13:27:22+00:00,30,1706212.0,hot:pn=4:ps=20
,,,BV1b89KBvEQ9,hot,hot:pn=4:ps=20,2026-04-04T11:40:37.942228+00:00,2026-04-04T11:40:37.942228+00:00,8263502,215,2026-04-03T09:00:00+00:00,689,410087.0,hot:pn=4:ps=20
,,,BV1f5XeBxEeK,hot,hot:pn=4:ps=20,2026-04-04T11:40:37.942228+00:00,2026-04-04T11:40:37.942228+00:00,3546570674932451,76,2026-03-30T10:10:54+00:00,192,3593908.0,hot:pn=4:ps=20
,,,BV1dyXqBaEE5,hot,hot:pn=4:ps=20,2026-04-04T11:40:37.942228+00:00,2026-04-04T11:40:37.942228+00:00,508103429,242,2026-04-01T10:00:00+00:00,66,4785618.0,hot:pn=4:ps=20
,,,BV13L9FBDEav,hot,hot:pn=4:ps=20,2026-04-04T11:40:37.942228+00:00,2026-04-04T11:40:37.942228+00:00,472273156,65,2026-04-02T12:42:22+00:00,173,1075652.0,hot:pn=4:ps=20
,,,BV1CX9gBKETq,hot,hot:pn=4:ps=20,2026-04-04T11:40:37.942228+00:00,2026-04-04T11:40:37.942228+00:00,1140672573,228,2026-04-04T01:00:00+00:00,1672,483141.0,hot:pn=4:ps=20
,,,BV1SrDABUEpE,hot,hot:pn=4:ps=20,2026-04-04T11:40:37.942228+00:00,2026-04-04T11:40:37.942228+00:00,26240675,17,2026-04-04T02:41:57+00:00,1218,518294.0,hot:pn=4:ps=20
,,,BV1ZNDPBAERe,hot,hot:pn=4:ps=20,2026-04-04T11:40:37.942228+00:00,2026-04-04T11:40:37.942228+00:00,1484660455,47,2026-04-04T02:43:40+00:00,25,252301.0,hot:pn=4:ps=20
,,,BV1CbXZBPECb,hot,hot:pn=5:ps=20,2026-04-04T11:40:37.942228+00:00,2026-04-04T11:40:37.942228+00:00,5294454,138,2026-04-02T10:08:36+00:00,316,4040444.0,hot:pn=5:ps=20
,,,BV1X2XZBDE2X,hot,hot:pn=5:ps=20,2026-04-04T11:40:37.942228+00:00,2026-04-04T11:40:37.942228+00:00,35579222,21,2026-04-02T08:03:38+00:00,39,2632796.0,hot:pn=5:ps=20
,,,BV1hd9pBQEXd,hot,hot:pn=5:ps=20,2026-04-04T11:40:37.942228+00:00,2026-04-04T11:40:37.942228+00:00,74184546,24,2026-04-03T10:00:00+00:00,464,364614.0,hot:pn=5:ps=20
,,,BV1mUX6B4Ezr,hot,hot:pn=5:ps=20,2026-04-04T11:40:37.942228+00:00,2026-04-04T11:40:37.942228+00:00,3494376638516086,21,2026-03-31T08:40:33+00:00,438,3327286.0,hot:pn=5:ps=20
,,,BV19D9FBdELt,hot,hot:pn=5:ps=20,2026-04-04T11:40:37.942228+00:00,2026-04-04T11:40:37.942228+00:00,1146388214,138,2026-04-02T12:13:27+00:00,20,1657007.0,hot:pn=5:ps=20
,,,BV1gV9TBKEc8,hot,hot:pn=5:ps=20,2026-04-04T11:40:37.942228+00:00,2026-04-04T11:40:37.942228+00:00,672328094,31,2026-04-03T10:30:00+00:00,151,742687.0,hot:pn=5:ps=20
,,,BV1Ns9uBiEHo,hot,hot:pn=5:ps=20,2026-04-04T11:40:37.942228+00:00,2026-04-04T11:40:37.942228+00:00,2175690,183,2026-04-03T09:23:18+00:00,271,2014292.0,hot:pn=5:ps=20
,,,BV1neDwBvE7p,hot,hot:pn=5:ps=20,2026-04-04T11:40:37.942228+00:00,2026-04-04T11:40:37.942228+00:00,499951416,17,2026-04-04T02:00:00+00:00,103,1509614.0,hot:pn=5:ps=20
,,,BV1aM9TBzETC,hot,hot:pn=5:ps=20,2026-04-04T11:40:37.942228+00:00,2026-04-04T11:40:37.942228+00:00,53737196,228,2026-04-04T02:00:00+00:00,561,177179.0,hot:pn=5:ps=20
,,,BV1Yf9LBiEqk,hot,hot:pn=5:ps=20,2026-04-04T11:40:37.942228+00:00,2026-04-04T11:40:37.942228+00:00,1483869441,183,2026-04-03T10:00:00+00:00,170,517651.0,hot:pn=5:ps=20
,,,BV1JiXZBbEzy,hot,hot:pn=5:ps=20,2026-04-04T11:40:37.942228+00:00,2026-04-04T11:40:37.942228+00:00,489763089,201,2026-04-03T02:00:00+00:00,183,841340.0,hot:pn=5:ps=20
,,,BV1xo9jBoEti,hot,hot:pn=5:ps=20,2026-04-04T11:40:37.942228+00:00,2026-04-04T11:40:37.942228+00:00,348989367,182,2026-04-01T10:01:56+00:00,1100,1858844.0,hot:pn=5:ps=20
,,,BV14f9TBeEEP,hot,hot:pn=5:ps=20,2026-04-04T11:40:37.942228+00:00,2026-04-04T11:40:37.942228+00:00,385510297,220,2026-04-03T05:05:17+00:00,32,826759.0,hot:pn=5:ps=20
,,,BV1Hu9MBoEvR,hot,hot:pn=5:ps=20,2026-04-04T11:40:37.942228+00:00,2026-04-04T11:40:37.942228+00:00,278761367,247,2026-04-03T12:46:41+00:00,969,425102.0,hot:pn=5:ps=20
,,,BV15X9wBPE1p,hot,hot:pn=5:ps=20,2026-04-04T11:40:37.942228+00:00,2026-04-04T11:40:37.942228+00:00,1079111904,207,2026-04-02T14:51:44+00:00,183,473357.0,hot:pn=5:ps=20
,,,BV1PbXZBNExC,hot,hot:pn=5:ps=20,2026-04-04T11:40:37.942228+00:00,2026-04-04T11:40:37.942228+00:00,3691006534879284,17,2026-04-03T03:00:00+00:00,1675,671709.0,hot:pn=5:ps=20
,,,BV1SM9TBBEb1,hot,hot:pn=5:ps=20,2026-04-04T11:40:37.942228+00:00,2026-04-04T11:40:37.942228+00:00,3493258474818040,238,2026-04-03T09:20:00+00:00,424,1280499.0,hot:pn=5:ps=20
,,,BV1EzDwBwEsD,hot,hot:pn=5:ps=20,2026-04-04T11:40:37.942228+00:00,2026-04-04T11:40:37.942228+00:00,7706705,27,2026-04-04T04:00:00+00:00,252,129927.0,hot:pn=5:ps=20
,,,BV1eRXrB3EQ7,hot,hot:pn=5:ps=20,2026-04-04T11:40:37.942228+00:00,2026-04-04T11:40:37.942228+00:00,1340190821,172,2026-04-01T04:00:00+00:00,171,4527958.0,hot:pn=5:ps=20
,,,BV1Be9TBDEgF,hot,hot:pn=5:ps=20,2026-04-04T11:40:37.942228+00:00,2026-04-04T11:40:37.942228+00:00,73528331,182,2026-04-03T09:00:00+00:00,850,1637410.0,hot:pn=5:ps=20
,,,BV1FL9JBpEFN,hot,hot:pn=6:ps=20,2026-04-04T11:40:37.942228+00:00,2026-04-04T11:40:37.942228+00:00,178029850,138,2026-04-01T12:25:59+00:00,649,2112700.0,hot:pn=6:ps=20
,,,BV1899EBqEEW,hot,hot:pn=6:ps=20,2026-04-04T11:40:37.942228+00:00,2026-04-04T11:40:37.942228+00:00,3546894057868162,183,2026-04-01T13:37:35+00:00,146,3921474.0,hot:pn=6:ps=20
,,,BV1QA9NBPEdF,hot,hot:pn=6:ps=20,2026-04-04T11:40:37.942228+00:00,2026-04-04T11:40:37.942228+00:00,349717298,21,2026-04-03T09:00:00+00:00,505,554955.0,hot:pn=6:ps=20
,,,BV1SVXZB5Eei,hot,hot:pn=6:ps=20,2026-04-04T11:40:37.942228+00:00,2026-04-04T11:40:37.942228+00:00,473837611,21,2026-04-02T09:18:42+00:00,1308,1183354.0,hot:pn=6:ps=20
,,,BV1tP9WBjEnB,hot,hot:pn=6:ps=20,2026-04-04T11:40:37.942228+00:00,2026-04-04T11:40:37.942228+00:00,286737038,250,2026-04-02T09:00:00+00:00,2911,665264.0,hot:pn=6:ps=20
,,,BV1CA97BXEnU,hot,hot:pn=6:ps=20,2026-04-04T11:40:37.942228+00:00,2026-04-04T11:40:37.942228+00:00,3546917311088783,95,2026-04-01T08:29:41+00:00,189,1299723.0,hot:pn=6:ps=20
,,,BV1NxXZBKEB4,hot,hot:pn=6:ps=20,2026-04-04T11:40:37.942228+00:00,2026-04-04T11:40:37.942228+00:00,3537122438941056,183,2026-04-02T09:53:42+00:00,86,2015508.0,hot:pn=6:ps=20
,,,BV1SdXZByEUr,hot,hot:pn=6:ps=20,2026-04-04T11:40:37.942228+00:00,2026-04-04T11:40:37.942228+00:00,504799975,215,2026-04-02T08:41:28+00:00,452,584723.0,hot:pn=6:ps=20
,,,BV1My9GBJEKu,hot,hot:pn=6:ps=20,2026-04-04T11:40:37.942228+00:00,2026-04-04T11:40:37.942228+00:00,3706942417537922,31,2026-04-01T01:00:00+00:00,287,1275920.0,hot:pn=6:ps=20
,,,BV1VqXkBkEDY,hot,hot:pn=6:ps=20,2026-04-04T11:40:37.942228+00:00,2026-04-04T11:40:37.942228+00:00,496180638,85,2026-04-01T03:05:00+00:00,23,2872740.0,hot:pn=6:ps=20
,,,BV1619PB2ERi,hot,hot:pn=6:ps=20,2026-04-04T11:40:37.942228+00:00,2026-04-04T11:40:37.942228+00:00,14583962,228,2026-04-03T09:45:00+00:00,1021,1193689.0,hot:pn=6:ps=20
,,,BV15q9jB6E2a,hot,hot:pn=6:ps=20,2026-04-04T11:40:37.942228+00:00,2026-04-04T11:40:37.942228+00:00,398606344,172,2026-04-01T09:28:43+00:00,136,1198708.0,hot:pn=6:ps=20
,,,BV1LUXDBTE9k,hot,hot:pn=6:ps=20,2026-04-04T11:40:37.942228+00:00,2026-04-04T11:40:37.942228+00:00,676239823,130,2026-03-30T02:55:00+00:00,163,1041487.0,hot:pn=6:ps=20
,,,BV1un9FB7EiJ,hot,hot:pn=6:ps=20,2026-04-04T11:40:37.942228+00:00,2026-04-04T11:40:37.942228+00:00,7266363,17,2026-04-02T12:31:00+00:00,201,1925447.0,hot:pn=6:ps=20
,,,BV1ECDPBTEnX,hot,hot:pn=6:ps=20,2026-04-04T11:40:37.942228+00:00,2026-04-04T11:40:37.942228+00:00,30502823,24,2026-04-04T03:30:00+00:00,92,96362.0,hot:pn=6:ps=20
,,,BV1xs9uBiEeE,hot,hot:pn=6:ps=20,2026-04-04T11:40:37.942228+00:00,2026-04-04T11:40:37.942228+00:00,872665,182,2026-04-03T09:08:49+00:00,1268,400187.0,hot:pn=6:ps=20
,,,BV1DG9uBCEsP,hot,hot:pn=6:ps=20,2026-04-04T11:40:37.942228+00:00,2026-04-04T11:40:37.942228+00:00,346563107,124,2026-04-03T10:46:23+00:00,959,868466.0,hot:pn=6:ps=20
,,,BV1pYXjBJE7q,hot,hot:pn=6:ps=20,2026-04-04T11:40:37.942228+00:00,2026-04-04T11:40:37.942228+00:00,1603676525,20,2026-03-30T07:00:00+00:00,170,1651398.0,hot:pn=6:ps=20
,,,BV1saDPByEkF,hot,hot:pn=6:ps=20,2026-04-04T11:40:37.942228+00:00,2026-04-04T11:40:37.942228+00:00,3461572825450973,76,2026-04-04T04:00:00+00:00,212,255920.0,hot:pn=6:ps=20
,,,BV1vsXfBREJb,hot,hot:pn=6:ps=20,2026-04-04T11:40:37.942228+00:00,2026-04-04T11:40:37.942228+00:00,369287008,124,2026-04-02T09:00:00+00:00,1370,1024039.0,hot:pn=6:ps=20
,,,BV1gb9KBKER9,hot,hot:pn=7:ps=20,2026-04-04T11:40:37.942228+00:00,2026-04-04T11:40:37.942228+00:00,95515699,138,2026-04-03T10:00:00+00:00,624,643028.0,hot:pn=7:ps=20
,,,BV1R2XZBQEio,hot,hot:pn=7:ps=20,2026-04-04T11:40:37.942228+00:00,2026-04-04T11:40:37.942228+00:00,946974,95,2026-04-02T09:00:00+00:00,859,2001730.0,hot:pn=7:ps=20
,,,BV1g3XZB1EzY,hot,hot:pn=7:ps=20,2026-04-04T11:40:37.942228+00:00,2026-04-04T11:40:37.942228+00:00,327757321,21,2026-04-02T10:00:00+00:00,343,629618.0,hot:pn=7:ps=20
,,,BV1uVXZB5EXW,hot,hot:pn=7:ps=20,2026-04-04T11:40:37.942228+00:00,2026-04-04T11:40:37.942228+00:00,1659651634,138,2026-04-02T09:22:37+00:00,219,2172307.0,hot:pn=7:ps=20
,,,BV1KCXLB9E4S,hot,hot:pn=7:ps=20,2026-04-04T11:40:37.942228+00:00,2026-04-04T11:40:37.942228+00:00,3546817029475218,21,2026-03-28T14:29:40+00:00,174,1790760.0,hot:pn=7:ps=20
,,,BV19n97BgEUa,hot,hot:pn=7:ps=20,2026-04-04T11:40:37.942228+00:00,2026-04-04T11:40:37.942228+00:00,670433402,183,2026-04-01T08:36:14+00:00,703,1008016.0,hot:pn=7:ps=20
,,,BV1jyX5BPE4v,hot,hot:pn=7:ps=20,2026-04-04T11:40:37.942228+00:00,2026-04-04T11:40:37.942228+00:00,515993,26,2026-03-28T12:00:00+00:00,81,6155781.0,hot:pn=7:ps=20
,,,BV1hn9sBWE6H,hot,hot:pn=7:ps=20,2026-04-04T11:40:37.942228+00:00,2026-04-04T11:40:37.942228+00:00,1157901692,216,2026-04-02T01:47:25+00:00,153,768300.0,hot:pn=7:ps=20
,,,BV15ZXaBEEuy,hot,hot:pn=7:ps=20,2026-04-04T11:40:37.942228+00:00,2026-04-04T11:40:37.942228+00:00,430426421,228,2026-03-31T03:50:00+00:00,1199,3533564.0,hot:pn=7:ps=20
,,,BV1C3XfBeEAi,hot,hot:pn=7:ps=20,2026-04-04T11:40:37.942228+00:00,2026-04-04T11:40:37.942228+00:00,524216251,65,2026-04-02T06:55:17+00:00,180,913203.0,hot:pn=7:ps=20
,,,BV1XvDNBhEiH,hot,hot:pn=7:ps=20,2026-04-04T11:40:37.942228+00:00,2026-04-04T11:40:37.942228+00:00,3546713063164029,124,2026-04-04T07:38:15+00:00,5268,137335.0,hot:pn=7:ps=20
,,,BV1Ba9NB5E5M,hot,hot:pn=7:ps=20,2026-04-04T11:40:37.942228+00:00,2026-04-04T11:40:37.942228+00:00,1996990273,65,2026-04-03T02:51:28+00:00,23,1246145.0,hot:pn=7:ps=20
,,,BV1fsDNBMETL,hot,hot:pn=7:ps=20,2026-04-04T11:40:37.942228+00:00,2026-04-04T11:40:37.942228+00:00,26721635,253,2026-04-04T06:59:27+00:00,606,152214.0,hot:pn=7:ps=20
,,,BV1Jn9cBTEss,hot,hot:pn=7:ps=20,2026-04-04T11:40:37.942228+00:00,2026-04-04T11:40:37.942228+00:00,626752044,213,2026-04-02T11:11:08+00:00,128,589799.0,hot:pn=7:ps=20
,,,BV1Yy9EBCEzv,hot,hot:pn=7:ps=20,2026-04-04T11:40:37.942228+00:00,2026-04-04T11:40:37.942228+00:00,398381800,182,2026-04-02T03:20:00+00:00,384,101291.0,hot:pn=7:ps=20
,,,BV1SL9uBrEkj,hot,hot:pn=7:ps=20,2026-04-04T11:40:37.942228+00:00,2026-04-04T11:40:37.942228+00:00,32985235,17,2026-04-03T10:00:00+00:00,629,425649.0,hot:pn=7:ps=20
,,,BV1kh9uBhEss,hot,hot:pn=7:ps=20,2026-04-04T11:40:37.942228+00:00,2026-04-04T11:40:37.942228+00:00,8680974,215,2026-04-03T10:04:00+00:00,455,428029.0,hot:pn=7:ps=20
,,,BV1Vf9LBqEhp,hot,hot:pn=7:ps=20,2026-04-04T11:40:37.942228+00:00,2026-04-04T11:40:37.942228+00:00,479783146,47,2026-04-01T03:13:32+00:00,250,6259647.0,hot:pn=7:ps=20
,,,BV1XSXZBSETr,hot,hot:pn=7:ps=20,2026-04-04T11:40:37.942228+00:00,2026-04-04T11:40:37.942228+00:00,8960728,76,2026-04-02T08:45:55+00:00,670,726918.0,hot:pn=7:ps=20
,,,BV1Nk9MBNEGT,hot,hot:pn=7:ps=20,2026-04-04T11:40:37.942228+00:00,2026-04-04T11:40:37.942228+00:00,23389329,182,2026-04-03T12:12:29+00:00,538,389971.0,hot:pn=7:ps=20
,,,BV1Fq9uBtEYh,hot,hot:pn=8:ps=20,2026-04-04T11:40:37.942228+00:00,2026-04-04T11:40:37.942228+00:00,5432766,183,2026-04-03T09:37:04+00:00,151,1474111.0,hot:pn=8:ps=20
,,,BV1ng9JBdEnG,hot,hot:pn=8:ps=20,2026-04-04T11:40:37.942228+00:00,2026-04-04T11:40:37.942228+00:00,624757844,138,2026-04-03T10:00:00+00:00,326,498928.0,hot:pn=8:ps=20
,,,BV1NnXZBzEvK,hot,hot:pn=8:ps=20,2026-04-04T11:40:37.942228+00:00,2026-04-04T11:40:37.942228+00:00,3493122168326421,21,2026-04-02T09:15:26+00:00,1000,342604.0,hot:pn=8:ps=20
,,,BV1YR9pBpE2x,hot,hot:pn=8:ps=20,2026-04-04T11:40:37.942228+00:00,2026-04-04T11:40:37.942228+00:00,472860691,162,2026-04-03T02:00:00+00:00,90,687025.0,hot:pn=8:ps=20
,,,BV1k49TBxE2N,hot,hot:pn=8:ps=20,2026-04-04T11:40:37.942228+00:00,2026-04-04T11:40:37.942228+00:00,3690986062481755,21,2026-04-03T09:30:00+00:00,229,616587.0,hot:pn=8:ps=20
,,,BV1apDKBbEF3,hot,hot:pn=8:ps=20,2026-04-04T11:40:37.942228+00:00,2026-04-04T11:40:37.942228+00:00,78021099,28,2026-04-04T06:45:00+00:00,500,80807.0,hot:pn=8:ps=20
,,,BV1EfXfBaEgr,hot,hot:pn=8:ps=20,2026-04-04T11:40:37.942228+00:00,2026-04-04T11:40:37.942228+00:00,626796832,65,2026-04-03T02:30:00+00:00,113,2841756.0,hot:pn=8:ps=20
,,,BV1g49KBqEbE,hot,hot:pn=8:ps=20,2026-04-04T11:40:37.942228+00:00,2026-04-04T11:40:37.942228+00:00,703186600,124,2026-04-03T09:42:58+00:00,1115,1354103.0,hot:pn=8:ps=20
,,,BV1349KBqEMB,hot,hot:pn=8:ps=20,2026-04-04T11:40:37.942228+00:00,2026-04-04T11:40:37.942228+00:00,1030346079,65,2026-04-03T11:00:00+00:00,40,1048999.0,hot:pn=8:ps=20
,,,BV1bnDwB5Egn,hot,hot:pn=8:ps=20,2026-04-04T11:40:37.942228+00:00,2026-04-04T11:40:37.942228+00:00,1138195463,27,2026-04-03T22:25:49+00:00,141,239582.0,hot:pn=8:ps=20
,,,BV1vRXrB3EGv,hot,hot:pn=8:ps=20,2026-04-04T11:40:37.942228+00:00,2026-04-04T11:40:37.942228+00:00,519872016,228,2026-03-31T10:20:20+00:00,2427,1938980.0,hot:pn=8:ps=20
,,,BV1o29wBTESE,hot,hot:pn=8:ps=20,2026-04-04T11:40:37.942228+00:00,2026-04-04T11:40:37.942228+00:00,484336702,17,2026-04-03T12:00:00+00:00,181,115864.0,hot:pn=8:ps=20
,,,BV14F9JBYEBe,hot,hot:pn=8:ps=20,2026-04-04T11:40:37.942228+00:00,2026-04-04T11:40:37.942228+00:00,511148568,201,2026-04-01T13:20:55+00:00,491,2176816.0,hot:pn=8:ps=20
,,,BV1SnXDBxEe8,hot,hot:pn=8:ps=20,2026-04-04T11:40:37.942228+00:00,2026-04-04T11:40:37.942228+00:00,373388923,85,2026-03-30T09:05:00+00:00,272,1946123.0,hot:pn=8:ps=20
,,,BV1jWDABwECE,hot,hot:pn=8:ps=20,2026-04-04T11:40:37.942228+00:00,2026-04-04T11:40:37.942228+00:00,8878219,173,2026-04-04T02:00:00+00:00,1355,305714.0,hot:pn=8:ps=20
,,,BV1E99MBoEox,hot,hot:pn=8:ps=20,2026-04-04T11:40:37.942228+00:00,2026-04-04T11:40:37.942228+00:00,36662214,86,2026-04-03T10:30:44+00:00,889,456137.0,hot:pn=8:ps=20
,,,BV1gh9MBkEGt,hot,hot:pn=8:ps=20,2026-04-04T11:40:37.942228+00:00,2026-04-04T11:40:37.942228+00:00,1978885142,86,2026-04-03T11:19:48+00:00,47,1352337.0,hot:pn=8:ps=20
,,,BV1XG93BHEim,hot,hot:pn=8:ps=20,2026-04-04T11:40:37.942228+00:00,2026-04-04T11:40:37.942228+00:00,638816489,124,2026-04-04T03:00:00+00:00,1486,196827.0,hot:pn=8:ps=20
,,,BV1txDKB4EEm,hot,hot:pn=8:ps=20,2026-04-04T11:40:37.942228+00:00,2026-04-04T11:40:37.942228+00:00,548824,22,2026-04-04T05:19:04+00:00,119,68206.0,hot:pn=8:ps=20
,,,BV1vRXrB3E9B,hot,hot:pn=8:ps=20,2026-04-04T11:40:37.942228+00:00,2026-04-04T11:40:37.942228+00:00,521361091,25,2026-03-31T10:20:12+00:00,155,770063.0,hot:pn=8:ps=20
,,,BV1MKXhBNEvr,hot,hot:pn=9:ps=20,2026-04-04T11:40:37.942228+00:00,2026-04-04T11:40:37.942228+00:00,94281836,182,2026-03-30T10:28:20+00:00,1183,3277897.0,hot:pn=9:ps=20
,,,BV1jF9uBXEga,hot,hot:pn=9:ps=20,2026-04-04T11:40:37.942228+00:00,2026-04-04T11:40:37.942228+00:00,70353036,138,2026-04-03T10:23:04+00:00,173,485396.0,hot:pn=9:ps=20
,,,BV1ni9nBoE3L,hot,hot:pn=9:ps=20,2026-04-04T11:40:37.942228+00:00,2026-04-04T11:40:37.942228+00:00,644255470,250,2026-04-02T04:00:00+00:00,1518,1199895.0,hot:pn=9:ps=20
,,,BV1AD9gBqEKJ,hot,hot:pn=9:ps=20,2026-04-04T11:40:37.942228+00:00,2026-04-04T11:40:37.942228+00:00,20136140,162,2026-04-03T15:23:34+00:00,376,96010.0,hot:pn=9:ps=20
,,,BV1CNXeBaEe8,hot,hot:pn=9:ps=20,2026-04-04T11:40:37.942228+00:00,2026-04-04T11:40:37.942228+00:00,3546726841452974,21,2026-03-30T10:19:59+00:00,1095,3095034.0,hot:pn=9:ps=20
,,,BV12B97BZEAE,hot,hot:pn=9:ps=20,2026-04-04T11:40:37.942228+00:00,2026-04-04T11:40:37.942228+00:00,499161586,65,2026-04-01T08:30:00+00:00,248,2006709.0,hot:pn=9:ps=20
,,,BV12FXoBPEKE,hot,hot:pn=9:ps=20,2026-04-04T11:40:37.942228+00:00,2026-04-04T11:40:37.942228+00:00,517327498,124,2026-04-03T03:00:00+00:00,229,577922.0,hot:pn=9:ps=20
,,,BV1AY9FBuEqR,hot,hot:pn=9:ps=20,2026-04-04T11:40:37.942228+00:00,2026-04-04T11:40:37.942228+00:00,415890389,17,2026-04-03T03:00:00+00:00,138,1055523.0,hot:pn=9:ps=20
,,,BV19X9FBsEKN,hot,hot:pn=9:ps=20,2026-04-04T11:40:37.942228+00:00,2026-04-04T11:40:37.942228+00:00,32312498,121,2026-04-03T03:45:00+00:00,116,191733.0,hot:pn=9:ps=20
,,,BV1469MBiEzF,hot,hot:pn=9:ps=20,2026-04-04T11:40:37.942228+00:00,2026-04-04T11:40:37.942228+00:00,690545051,31,2026-04-03T12:16:48+00:00,357,244098.0,hot:pn=9:ps=20
,,,BV18V9TBKEVH,hot,hot:pn=9:ps=20,2026-04-04T11:40:37.942228+00:00,2026-04-04T11:40:37.942228+00:00,494818687,213,2026-04-03T05:52:47+00:00,170,401201.0,hot:pn=9:ps=20
,,,BV1QXXZB2ETv,hot,hot:pn=9:ps=20,2026-04-04T11:40:37.942228+00:00,2026-04-04T11:40:37.942228+00:00,97321461,172,2026-04-02T08:59:24+00:00,221,1046863.0,hot:pn=9:ps=20
,,,BV1nYXZBhEes,hot,hot:pn=9:ps=20,2026-04-04T11:40:37.942228+00:00,2026-04-04T11:40:37.942228+00:00,37950062,207,2026-04-02T09:49:55+00:00,425,1016627.0,hot:pn=9:ps=20
,,,BV1rY9uBFEz7,hot,hot:pn=9:ps=20,2026-04-04T11:40:37.942228+00:00,2026-04-04T11:40:37.942228+00:00,54911793,215,2026-04-03T09:37:39+00:00,522,804360.0,hot:pn=9:ps=20
,,,BV1Fy9wBzENY,hot,hot:pn=9:ps=20,2026-04-04T11:40:37.942228+00:00,2026-04-04T11:40:37.942228+00:00,3546730274491161,228,2026-04-03T09:00:00+00:00,1273,357206.0,hot:pn=9:ps=20
,,,BV1Cp9NBnEKv,hot,hot:pn=9:ps=20,2026-04-04T11:40:37.942228+00:00,2026-04-04T11:40:37.942228+00:00,69221252,182,2026-04-03T02:59:11+00:00,1531,230741.0,hot:pn=9:ps=20
,,,BV11NXfBBEWv,hot,hot:pn=9:ps=20,2026-04-04T11:40:37.942228+00:00,2026-04-04T11:40:37.942228+00:00,423517587,243,2026-04-03T00:00:00+00:00,3130,4280387.0,hot:pn=9:ps=20
,,,BV1QYXmBSEE8,hot,hot:pn=9:ps=20,2026-04-04T11:40:37.942228+00:00,2026-04-04T11:40:37.942228+00:00,524704055,214,2026-03-29T05:04:40+00:00,397,5348487.0,hot:pn=9:ps=20
,,,BV15kXYBEEHG,hot,hot:pn=9:ps=20,2026-04-04T11:40:37.942228+00:00,2026-04-04T11:40:37.942228+00:00,11379563,199,2026-03-30T11:21:46+00:00,216,983292.0,hot:pn=9:ps=20
,,,BV1vgDKBqEYd,hot,hot:pn=9:ps=20,2026-04-04T11:40:37.942228+00:00,2026-04-04T11:40:37.942228+00:00,1208823126,201,2026-04-04T04:34:13+00:00,458,226613.0,hot:pn=9:ps=20
,,,BV1w19KBsEfD,hot,hot:pn=10:ps=20,2026-04-04T11:40:37.942228+00:00,2026-04-04T11:40:37.942228+00:00,404216060,47,2026-04-03T10:00:00+00:00,510,607209.0,hot:pn=10:ps=20
,,,BV1Vw9TBCEXJ,hot,hot:pn=10:ps=20,2026-04-04T11:40:37.942228+00:00,2026-04-04T11:40:37.942228+00:00,132344841,22,2026-04-03T09:45:00+00:00,312,259387.0,hot:pn=10:ps=20
,,,BV1Gp9KBgEhc,hot,hot:pn=10:ps=20,2026-04-04T11:40:37.942228+00:00,2026-04-04T11:40:37.942228+00:00,271338616,21,2026-04-03T09:30:00+00:00,4243,1155408.0,hot:pn=10:ps=20
,,,BV1NNDAB5EWa,hot,hot:pn=10:ps=20,2026-04-04T11:40:37.942228+00:00,2026-04-04T11:40:37.942228+00:00,3546636378703921,250,2026-04-04T00:30:00+00:00,645,251626.0,hot:pn=10:ps=20
,,,BV1mg9NBbEQi,hot,hot:pn=10:ps=20,2026-04-04T11:40:37.942228+00:00,2026-04-04T11:40:37.942228+00:00,7327911,21,2026-04-03T09:00:00+00:00,1546,1004336.0,hot:pn=10:ps=20
,,,BV15y9EBCENz,hot,hot:pn=10:ps=20,2026-04-04T11:40:37.942228+00:00,2026-04-04T11:40:37.942228+00:00,430941181,251,2026-04-01T12:40:46+00:00,16,1783376.0,hot:pn=10:ps=20
,,,BV1p89uBAE9C,hot,hot:pn=10:ps=20,2026-04-04T11:40:37.942228+00:00,2026-04-04T11:40:37.942228+00:00,38568774,172,2026-04-03T10:03:34+00:00,601,626443.0,hot:pn=10:ps=20
,,,BV13A9NBNExw,hot,hot:pn=10:ps=20,2026-04-04T11:40:37.942228+00:00,2026-04-04T11:40:37.942228+00:00,6131035,65,2026-04-04T03:00:00+00:00,85,996840.0,hot:pn=10:ps=20
,,,BV1HkDKB1Eqi,hot,hot:pn=10:ps=20,2026-04-04T11:40:37.942228+00:00,2026-04-04T11:40:37.942228+00:00,102584256,228,2026-04-04T09:00:00+00:00,1505,50855.0,hot:pn=10:ps=20
,,,BV1jg9PB6EE1,hot,hot:pn=10:ps=20,2026-04-04T11:40:37.942228+00:00,2026-04-04T11:40:37.942228+00:00,45107914,17,2026-04-02T21:41:03+00:00,7304,448038.0,hot:pn=10:ps=20
,,,BV12S9WByELc,hot,hot:pn=10:ps=20,2026-04-04T11:40:37.942228+00:00,2026-04-04T11:40:37.942228+00:00,3632305314728076,218,2026-04-02T03:12:37+00:00,96,1362697.0,hot:pn=10:ps=20
,,,BV11S9WByEJ6,hot,hot:pn=10:ps=20,2026-04-04T11:40:37.942228+00:00,2026-04-04T11:40:37.942228+00:00,6739643,182,2026-04-02T03:15:38+00:00,693,815551.0,hot:pn=10:ps=20
,,,BV1YkXYB7Eg2,hot,hot:pn=10:ps=20,2026-04-04T11:40:37.942228+00:00,2026-04-04T11:40:37.942228+00:00,508859033,219,2026-03-30T11:40:15+00:00,121,1151976.0,hot:pn=10:ps=20
,,,BV1b1X6BbEXG,hot,hot:pn=10:ps=20,2026-04-04T11:40:37.942228+00:00,2026-04-04T11:40:37.942228+00:00,32078085,201,2026-03-31T07:00:00+00:00,132,3228183.0,hot:pn=10:ps=20
,,,BV1UT9NBhEyq,hot,hot:pn=10:ps=20,2026-04-04T11:40:37.942228+00:00,2026-04-04T11:40:37.942228+00:00,97213827,17,2026-04-03T03:59:25+00:00,191,568572.0,hot:pn=10:ps=20
,,,BV1ys9uBvEih,hot,hot:pn=10:ps=20,2026-04-04T11:40:37.942228+00:00,2026-04-04T11:40:37.942228+00:00,1738117840,28,2026-04-03T10:00:00+00:00,214,215315.0,hot:pn=10:ps=20
,,,BV1dj9LBNEcq,hot,hot:pn=10:ps=20,2026-04-04T11:40:37.942228+00:00,2026-04-04T11:40:37.942228+00:00,3546666414114995,232,2026-04-01T05:12:55+00:00,180,1929943.0,hot:pn=10:ps=20
,,,BV1jK9wBvERW,hot,hot:pn=10:ps=20,2026-04-04T11:40:37.942228+00:00,2026-04-04T11:40:37.942228+00:00,1053088039,124,2026-04-02T17:50:52+00:00,739,346410.0,hot:pn=10:ps=20
,,,BV1u49KBqE9i,hot,hot:pn=10:ps=20,2026-04-04T11:40:37.942228+00:00,2026-04-04T11:40:37.942228+00:00,31261235,168,2026-04-03T10:30:00+00:00,1488,294863.0,hot:pn=10:ps=20
,,,BV1rA97BXE2k,hot,hot:pn=10:ps=20,2026-04-04T11:40:37.942228+00:00,2026-04-04T11:40:37.942228+00:00,3690989357107925,215,2026-04-01T08:37:32+00:00,165,1685266.0,hot:pn=10:ps=20
,,,BV18L9nB3ETM,hot,hot:pn=11:ps=20,2026-04-04T11:40:37.942228+00:00,2026-04-04T11:40:37.942228+00:00,2431441,65,2026-04-01T19:03:05+00:00,277,1229994.0,hot:pn=11:ps=20
,,,BV16G9MBRESr,hot,hot:pn=11:ps=20,2026-04-04T11:40:37.942228+00:00,2026-04-04T11:40:37.942228+00:00,512087790,17,2026-04-04T02:00:00+00:00,31,783725.0,hot:pn=11:ps=20
,,,BV1Rm9FBZEu7,hot,hot:pn=11:ps=20,2026-04-04T11:40:37.942228+00:00,2026-04-04T11:40:37.942228+00:00,291222529,21,2026-04-02T11:40:30+00:00,440,1114094.0,hot:pn=11:ps=20
,,,BV1nv9uBfE4J,hot,hot:pn=11:ps=20,2026-04-04T11:40:37.942228+00:00,2026-04-04T11:40:37.942228+00:00,516305899,21,2026-04-03T09:42:31+00:00,264,959839.0,hot:pn=11:ps=20
,,,BV1C49uBPEWa,hot,hot:pn=11:ps=20,2026-04-04T11:40:37.942228+00:00,2026-04-04T11:40:37.942228+00:00,31071444,250,2026-04-03T10:10:04+00:00,782,624771.0,hot:pn=11:ps=20
,,,BV1Pd95BSEwN,hot,hot:pn=11:ps=20,2026-04-04T11:40:37.942228+00:00,2026-04-04T11:40:37.942228+00:00,1370833924,239,2026-04-01T12:00:00+00:00,81,1981232.0,hot:pn=11:ps=20
,,,BV11W9uBKET7,hot,hot:pn=11:ps=20,2026-04-04T11:40:37.942228+00:00,2026-04-04T11:40:37.942228+00:00,161775300,172,2026-04-04T03:00:00+00:00,128,1029917.0,hot:pn=11:ps=20
,,,BV1Yw9TBCEmK,hot,hot:pn=11:ps=20,2026-04-04T11:40:37.942228+00:00,2026-04-04T11:40:37.942228+00:00,3493075135498407,17,2026-04-03T07:45:31+00:00,32,1974231.0,hot:pn=11:ps=20
,,,BV1Zk9FBwEwj,hot,hot:pn=11:ps=20,2026-04-04T11:40:37.942228+00:00,2026-04-04T11:40:37.942228+00:00,25876945,95,2026-04-02T11:48:08+00:00,1930,1518564.0,hot:pn=11:ps=20
,,,BV1Gs9MB2Eii,hot,hot:pn=11:ps=20,2026-04-04T11:40:37.942228+00:00,2026-04-04T11:40:37.942228+00:00,18706318,201,2026-04-03T11:34:00+00:00,958,539285.0,hot:pn=11:ps=20
,,,BV1pt9EBsEgp,hot,hot:pn=11:ps=20,2026-04-04T11:40:37.942228+00:00,2026-04-04T11:40:37.942228+00:00,282468575,229,2026-04-02T10:00:00+00:00,696,907969.0,hot:pn=11:ps=20
,,,BV1W4XZBvE93,hot,hot:pn=11:ps=20,2026-04-04T11:40:37.942228+00:00,2026-04-04T11:40:37.942228+00:00,212345699,228,2026-04-02T10:23:43+00:00,1162,938866.0,hot:pn=11:ps=20
,,,BV13mXdBVEs4,hot,hot:pn=11:ps=20,2026-04-04T11:40:37.942228+00:00,2026-04-04T11:40:37.942228+00:00,436368347,86,2026-03-30T04:31:28+00:00,233,1299282.0,hot:pn=11:ps=20
,,,BV1b79uB3Est,hot,hot:pn=11:ps=20,2026-04-04T11:40:37.942228+00:00,2026-04-04T11:40:37.942228+00:00,695650376,218,2026-04-03T09:28:39+00:00,163,574614.0,hot:pn=11:ps=20
,,,BV1KnXZBzEwL,hot,hot:pn=11:ps=20,2026-04-04T11:40:37.942228+00:00,2026-04-04T11:40:37.942228+00:00,37754047,31,2026-04-02T09:15:22+00:00,164,1067479.0,hot:pn=11:ps=20
,,,BV1j2XDBBEQ4,hot,hot:pn=11:ps=20,2026-04-04T11:40:37.942228+00:00,2026-04-04T11:40:37.942228+00:00,49911040,240,2026-03-29T14:02:59+00:00,84,5032665.0,hot:pn=11:ps=20
,,,BV1RN9uBEEZu,hot,hot:pn=11:ps=20,2026-04-04T11:40:37.942228+00:00,2026-04-04T11:40:37.942228+00:00,90920075,207,2026-04-03T11:10:37+00:00,1437,342962.0,hot:pn=11:ps=20
,,,BV1EX9KBSErc,hot,hot:pn=11:ps=20,2026-04-04T11:40:37.942228+00:00,2026-04-04T11:40:37.942228+00:00,19286458,85,2026-04-03T10:40:00+00:00,581,424103.0,hot:pn=11:ps=20
,,,BV1okXZBWEvB,hot,hot:pn=11:ps=20,2026-04-04T11:40:37.942228+00:00,2026-04-04T11:40:37.942228+00:00,8185996,47,2026-04-03T03:00:00+00:00,219,301615.0,hot:pn=11:ps=20
,,,BV1H99gBvEGz,hot,hot:pn=11:ps=20,2026-04-04T11:40:37.942228+00:00,2026-04-04T11:40:37.942228+00:00,37701227,182,2026-04-04T05:00:00+00:00,1936,85585.0,hot:pn=11:ps=20
,,,BV1Mk9HBkEU2,hot,hot:pn=12:ps=20,2026-04-04T11:40:37.942228+00:00,2026-04-04T11:40:37.942228+00:00,3546982484281378,21,2026-04-01T23:45:24+00:00,213,3810404.0,hot:pn=12:ps=20
,,,BV1dA9uBSEEB,hot,hot:pn=12:ps=20,2026-04-04T11:40:37.942228+00:00,2026-04-04T11:40:37.942228+00:00,70429299,138,2026-04-03T10:56:42+00:00,52,898273.0,hot:pn=12:ps=20
,,,BV1LVXrBgEXv,hot,hot:pn=12:ps=20,2026-04-04T11:40:37.942228+00:00,2026-04-04T11:40:37.942228+00:00,647940953,21,2026-04-02T03:20:40+00:00,244,2027562.0,hot:pn=12:ps=20
,,,BV1J79HBfEvs,hot,hot:pn=12:ps=20,2026-04-04T11:40:37.942228+00:00,2026-04-04T11:40:37.942228+00:00,515155585,254,2026-04-02T00:53:34+00:00,168,3533205.0,hot:pn=12:ps=20
,,,BV1ce9FBBEf5,hot,hot:pn=12:ps=20,2026-04-04T11:40:37.942228+00:00,2026-04-04T11:40:37.942228+00:00,512839,172,2026-04-03T04:00:00+00:00,528,695426.0,hot:pn=12:ps=20
,,,BV1DTXkBAEVi,hot,hot:pn=12:ps=20,2026-04-04T11:40:37.942228+00:00,2026-04-04T11:40:37.942228+00:00,1532165,256,2026-04-02T04:00:00+00:00,1905,1263049.0,hot:pn=12:ps=20
,,,BV1YWXoBmEW2,hot,hot:pn=12:ps=20,2026-04-04T11:40:37.942228+00:00,2026-04-04T11:40:37.942228+00:00,36911516,252,2026-03-30T09:30:00+00:00,96,2956403.0,hot:pn=12:ps=20
,,,BV1Y9XzBPEid,hot,hot:pn=12:ps=20,2026-04-04T11:40:37.942228+00:00,2026-04-04T11:40:37.942228+00:00,276928941,164,2026-04-03T09:00:00+00:00,2102,477152.0,hot:pn=12:ps=20
,,,BV1Kc9HB6EoQ,hot,hot:pn=12:ps=20,2026-04-04T11:40:37.942228+00:00,2026-04-04T11:40:37.942228+00:00,3706954771860305,30,2026-04-01T16:32:56+00:00,238,951964.0,hot:pn=12:ps=20
,,,BV1Qo9FBQEgH,hot,hot:pn=12:ps=20,2026-04-04T11:40:37.942228+00:00,2026-04-04T11:40:37.942228+00:00,3494376565115651,121,2026-04-02T12:01:10+00:00,131,3291294.0,hot:pn=12:ps=20
,,,BV1P3DABgEHJ,hot,hot:pn=12:ps=20,2026-04-04T11:40:37.942228+00:00,2026-04-04T11:40:37.942228+00:00,249295355,183,2026-04-04T00:00:00+00:00,494,559970.0,hot:pn=12:ps=20
,,,BV1be9MB6Eh4,hot,hot:pn=12:ps=20,2026-04-04T11:40:37.942228+00:00,2026-04-04T11:40:37.942228+00:00,450882837,65,2026-04-03T11:33:11+00:00,285,255005.0,hot:pn=12:ps=20
,,,BV1rVXfBAEZH,hot,hot:pn=12:ps=20,2026-04-04T11:40:37.942228+00:00,2026-04-04T11:40:37.942228+00:00,11482657,182,2026-04-02T10:00:00+00:00,2426,561756.0,hot:pn=12:ps=20
,,,BV1CW9TBtEvR,hot,hot:pn=12:ps=20,2026-04-04T11:40:37.942228+00:00,2026-04-04T11:40:37.942228+00:00,649661652,215,2026-04-03T09:30:00+00:00,334,466772.0,hot:pn=12:ps=20
,,,BV1KXX6B9E5b,hot,hot:pn=12:ps=20,2026-04-04T11:40:37.942228+00:00,2026-04-04T11:40:37.942228+00:00,472229397,215,2026-04-03T09:00:00+00:00,1269,327135.0,hot:pn=12:ps=20
,,,BV1Hd9gBPE1e,hot,hot:pn=12:ps=20,2026-04-04T11:40:37.942228+00:00,2026-04-04T11:40:37.942228+00:00,1924115277,130,2026-04-03T14:05:05+00:00,972,375213.0,hot:pn=12:ps=20
,,,BV1Lj9KB5E1y,hot,hot:pn=12:ps=20,2026-04-04T11:40:37.942228+00:00,2026-04-04T11:40:37.942228+00:00,11397116,25,2026-04-03T01:30:00+00:00,40,1046563.0,hot:pn=12:ps=20
,,,BV1w19KBsEHs,hot,hot:pn=12:ps=20,2026-04-04T11:40:37.942228+00:00,2026-04-04T11:40:37.942228+00:00,1575718735,247,2026-04-03T09:23:57+00:00,474,604031.0,hot:pn=12:ps=20
,,,BV1XwXkBiEMM,hot,hot:pn=12:ps=20,2026-04-04T11:40:37.942228+00:00,2026-04-04T11:40:37.942228+00:00,3546379674716986,17,2026-04-02T02:00:00+00:00,141,4244078.0,hot:pn=12:ps=20
,,,BV1jY95BvExb,hot,hot:pn=12:ps=20,2026-04-04T11:40:37.942228+00:00,2026-04-04T11:40:37.942228+00:00,3493267064752884,59,2026-04-01T06:04:10+00:00,300,620558.0,hot:pn=12:ps=20
,,,BV1uCXQB8Em9,hot,hot:pn=13:ps=20,2026-04-04T11:40:37.942228+00:00,2026-04-04T11:40:37.942228+00:00,3546921513782109,138,2026-03-29T13:01:25+00:00,300,13259863.0,hot:pn=13:ps=20
,,,BV1Q99FB9E27,hot,hot:pn=13:ps=20,2026-04-04T11:40:37.942228+00:00,2026-04-04T11:40:37.942228+00:00,1379165407,138,2026-04-02T12:24:58+00:00,281,1086524.0,hot:pn=13:ps=20
,,,BV18h9MBkECz,hot,hot:pn=13:ps=20,2026-04-04T11:40:37.942228+00:00,2026-04-04T11:40:37.942228+00:00,25637408,21,2026-04-03T11:24:27+00:00,1721,198131.0,hot:pn=13:ps=20
,,,BV1dkXZBWEcd,hot,hot:pn=13:ps=20,2026-04-04T11:40:37.942228+00:00,2026-04-04T11:40:37.942228+00:00,528461028,250,2026-04-02T10:28:42+00:00,710,744825.0,hot:pn=13:ps=20
,,,BV11YDKBQEdB,hot,hot:pn=13:ps=20,2026-04-04T11:40:37.942228+00:00,2026-04-04T11:40:37.942228+00:00,289475254,17,2026-04-04T03:29:01+00:00,64,298134.0,hot:pn=13:ps=20
,,,BV1qw9FB8EC4,hot,hot:pn=13:ps=20,2026-04-04T11:40:37.942228+00:00,2026-04-04T11:40:37.942228+00:00,358607628,65,2026-04-03T03:30:00+00:00,710,475895.0,hot:pn=13:ps=20
,,,BV1Cs9uBvEed,hot,hot:pn=13:ps=20,2026-04-04T11:40:37.942228+00:00,2026-04-04T11:40:37.942228+00:00,414702734,219,2026-04-04T02:30:00+00:00,499,153703.0,hot:pn=13:ps=20
,,,BV1V8XSBhE82,hot,hot:pn=13:ps=20,2026-04-04T11:40:37.942228+00:00,2026-04-04T11:40:37.942228+00:00,702785808,76,2026-03-29T08:45:13+00:00,332,1337585.0,hot:pn=13:ps=20
,,,BV1C39cBGEs3,hot,hot:pn=13:ps=20,2026-04-04T11:40:37.942228+00:00,2026-04-04T11:40:37.942228+00:00,226231535,85,2026-04-02T10:13:01+00:00,271,5209350.0,hot:pn=13:ps=20
,,,BV1SJXUBEEWz,hot,hot:pn=13:ps=20,2026-04-04T11:40:37.942228+00:00,2026-04-04T11:40:37.942228+00:00,3537121008683451,171,2026-03-29T02:41:18+00:00,210,1912911.0,hot:pn=13:ps=20
,,,BV1vE97B6E1L,hot,hot:pn=13:ps=20,2026-04-04T11:40:37.942228+00:00,2026-04-04T11:40:37.942228+00:00,3546742700116050,17,2026-04-01T08:42:55+00:00,1088,4640485.0,hot:pn=13:ps=20
,,,BV1xw9MBYEJu,hot,hot:pn=13:ps=20,2026-04-04T11:40:37.942228+00:00,2026-04-04T11:40:37.942228+00:00,3546972256471159,27,2026-04-03T12:38:06+00:00,182,95654.0,hot:pn=13:ps=20
,,,BV1829jBeErD,hot,hot:pn=13:ps=20,2026-04-04T11:40:37.942228+00:00,2026-04-04T11:40:37.942228+00:00,383578614,95,2026-04-01T09:16:05+00:00,751,1152777.0,hot:pn=13:ps=20
,,,BV1uu9NBcEAK,hot,hot:pn=13:ps=20,2026-04-04T11:40:37.942228+00:00,2026-04-04T11:40:37.942228+00:00,326427334,201,2026-04-03T02:33:52+00:00,422,1073967.0,hot:pn=13:ps=20
,,,BV1gY9MB3ED4,hot,hot:pn=13:ps=20,2026-04-04T11:40:37.942228+00:00,2026-04-04T11:40:37.942228+00:00,3706952269957682,184,2026-04-03T11:10:38+00:00,220,210563.0,hot:pn=13:ps=20
,,,BV1Kr9gBCE67,hot,hot:pn=13:ps=20,2026-04-04T11:40:37.942228+00:00,2026-04-04T11:40:37.942228+00:00,7946432,253,2026-04-04T06:05:00+00:00,390,340396.0,hot:pn=13:ps=20
,,,BV1UE9uBzE55,hot,hot:pn=13:ps=20,2026-04-04T11:40:37.942228+00:00,2026-04-04T11:40:37.942228+00:00,649019192,212,2026-04-03T09:32:21+00:00,1066,417213.0,hot:pn=13:ps=20
,,,BV1jx9gB9EAS,hot,hot:pn=13:ps=20,2026-04-04T11:40:37.942228+00:00,2026-04-04T11:40:37.942228+00:00,162075574,168,2026-04-04T03:15:00+00:00,50,327168.0,hot:pn=13:ps=20
,,,BV1dZ9KBLEWo,hot,hot:pn=13:ps=20,2026-04-04T11:40:37.942228+00:00,2026-04-04T11:40:37.942228+00:00,7481602,228,2026-04-03T10:00:00+00:00,2507,299095.0,hot:pn=13:ps=20
,,,BV1GXXUBdESq,hot,hot:pn=13:ps=20,2026-04-04T11:40:37.942228+00:00,2026-04-04T11:40:37.942228+00:00,1912001299,249,2026-03-29T02:28:58+00:00,85,443238.0,hot:pn=13:ps=20
,,,BV1Ay97BREV5,hot,hot:pn=14:ps=20,2026-04-04T11:40:37.942228+00:00,2026-04-04T11:40:37.942228+00:00,3546697410021598,138,2026-04-01T09:30:00+00:00,30,1600660.0,hot:pn=14:ps=20
,,,BV1CH9TBfEDq,hot,hot:pn=14:ps=20,2026-04-04T11:40:37.942228+00:00,2026-04-04T11:40:37.942228+00:00,220051309,21,2026-04-03T11:00:00+00:00,92,1629900.0,hot:pn=14:ps=20
,,,BV1tWXjBxEUk,hot,hot:pn=14:ps=20,2026-04-04T11:40:37.942228+00:00,2026-04-04T11:40:37.942228+00:00,3537105976297563,138,2026-03-28T14:00:33+00:00,105,283724.0,hot:pn=14:ps=20
,,,BV18Q9TBuEXo,hot,hot:pn=14:ps=20,2026-04-04T11:40:37.942228+00:00,2026-04-04T11:40:37.942228+00:00,14229967,21,2026-04-03T11:00:00+00:00,2772,582732.0,hot:pn=14:ps=20
,,,BV1Ps9EBtE2f,hot,hot:pn=14:ps=20,2026-04-04T11:40:37.942228+00:00,2026-04-04T11:40:37.942228+00:00,1992003484,17,2026-04-01T13:51:19+00:00,164,929184.0,hot:pn=14:ps=20
,,,BV1SxXrBcEN7,hot,hot:pn=14:ps=20,2026-04-04T11:40:37.942228+00:00,2026-04-04T11:40:37.942228+00:00,8663303,17,2026-04-03T04:00:00+00:00,275,356013.0,hot:pn=14:ps=20
,,,BV1eMDwBpED2,hot,hot:pn=14:ps=20,2026-04-04T11:40:37.942228+00:00,2026-04-04T11:40:37.942228+00:00,11332884,65,2026-04-04T01:00:00+00:00,308,836058.0,hot:pn=14:ps=20
,,,BV1B1Q2BfERE,hot,hot:pn=14:ps=20,2026-04-04T11:40:37.942228+00:00,2026-04-04T11:40:37.942228+00:00,403082144,212,2026-04-01T11:00:00+00:00,215,1007716.0,hot:pn=14:ps=20
,,,BV1sTXSBjExp,hot,hot:pn=14:ps=20,2026-04-04T11:40:37.942228+00:00,2026-04-04T11:40:37.942228+00:00,316627722,228,2026-03-29T10:05:00+00:00,1130,2379699.0,hot:pn=14:ps=20
,,,BV1JE9gBbEEX,hot,hot:pn=14:ps=20,2026-04-04T11:40:37.942228+00:00,2026-04-04T11:40:37.942228+00:00,1238329219,47,2026-04-04T02:25:00+00:00,152,230266.0,hot:pn=14:ps=20
,,,BV1SM9TBBEZG,hot,hot:pn=14:ps=20,2026-04-04T11:40:37.942228+00:00,2026-04-04T11:40:37.942228+00:00,11684621,228,2026-04-03T10:15:00+00:00,619,216981.0,hot:pn=14:ps=20
,,,BV1G89MBVEzP,hot,hot:pn=14:ps=20,2026-04-04T11:40:37.942228+00:00,2026-04-04T11:40:37.942228+00:00,481326988,172,2026-04-03T11:38:57+00:00,336,575952.0,hot:pn=14:ps=20
,,,BV1LhDNBNEuX,hot,hot:pn=14:ps=20,2026-04-04T11:40:37.942228+00:00,2026-04-04T11:40:37.942228+00:00,3546657239075200,137,2026-04-04T09:00:00+00:00,3800,208556.0,hot:pn=14:ps=20
,,,BV1179TBaE6f,hot,hot:pn=14:ps=20,2026-04-04T11:40:37.942228+00:00,2026-04-04T11:40:37.942228+00:00,17604510,238,2026-04-03T10:00:00+00:00,46,239695.0,hot:pn=14:ps=20
,,,BV1NfXyBKEvM,hot,hot:pn=14:ps=20,2026-04-04T11:40:37.942228+00:00,2026-04-04T11:40:37.942228+00:00,400975707,27,2026-03-29T03:30:00+00:00,157,1086618.0,hot:pn=14:ps=20
,,,BV1g39TBqEVT,hot,hot:pn=14:ps=20,2026-04-04T11:40:37.942228+00:00,2026-04-04T11:40:37.942228+00:00,3546914666580171,27,2026-04-03T10:01:32+00:00,845,158191.0,hot:pn=14:ps=20
,,,BV1p19MBAErd,hot,hot:pn=14:ps=20,2026-04-04T11:40:37.942228+00:00,2026-04-04T11:40:37.942228+00:00,353308320,24,2026-04-03T11:47:38+00:00,32,381593.0,hot:pn=14:ps=20
,,,BV1r59gBwERK,hot,hot:pn=14:ps=20,2026-04-04T11:40:37.942228+00:00,2026-04-04T11:40:37.942228+00:00,3386870,182,2026-04-03T15:54:27+00:00,699,215602.0,hot:pn=14:ps=20
,,,BV1qYXYBWEzm,hot,hot:pn=14:ps=20,2026-04-04T11:40:37.942228+00:00,2026-04-04T11:40:37.942228+00:00,497525820,232,2026-03-30T11:14:41+00:00,526,1574937.0,hot:pn=14:ps=20
,,,BV1aZ9VBbE77,hot,hot:pn=14:ps=20,2026-04-04T11:40:37.942228+00:00,2026-04-04T11:40:37.942228+00:00,390668605,164,2026-03-31T23:43:33+00:00,27,2536090.0,hot:pn=14:ps=20
,,,BV1Ln9MBJEUb,hot,hot:pn=15:ps=20,2026-04-04T11:40:37.942228+00:00,2026-04-04T11:40:37.942228+00:00,32025839,250,2026-04-04T03:30:00+00:00,2142,127601.0,hot:pn=15:ps=20
,,,BV1kQXsBuEqb,hot,hot:pn=15:ps=20,2026-04-04T11:40:37.942228+00:00,2026-04-04T11:40:37.942228+00:00,43611197,138,2026-03-29T10:00:00+00:00,555,2537276.0,hot:pn=15:ps=20
,,,BV1VQX5BbEgA,hot,hot:pn=15:ps=20,2026-04-04T11:40:37.942228+00:00,2026-04-04T11:40:37.942228+00:00,475845053,138,2026-03-28T11:30:00+00:00,232,4841394.0,hot:pn=15:ps=20
,,,BV1gN9jBYEZU,hot,hot:pn=15:ps=20,2026-04-04T11:40:37.942228+00:00,2026-04-04T11:40:37.942228+00:00,524993139,21,2026-04-01T03:00:21+00:00,34,2706212.0,hot:pn=15:ps=20
,,,BV1n99MBoEHL,hot,hot:pn=15:ps=20,2026-04-04T11:40:37.942228+00:00,2026-04-04T11:40:37.942228+00:00,2229752,17,2026-04-03T10:29:04+00:00,918,348455.0,hot:pn=15:ps=20
,,,BV18EDPBWEvG,hot,hot:pn=15:ps=20,2026-04-04T11:40:37.942228+00:00,2026-04-04T11:40:37.942228+00:00,390527713,17,2026-04-04T01:46:34+00:00,291,458751.0,hot:pn=15:ps=20
,,,BV1KB9KBFEBk,hot,hot:pn=15:ps=20,2026-04-04T11:40:37.942228+00:00,2026-04-04T11:40:37.942228+00:00,213845897,228,2026-04-03T08:51:13+00:00,397,201477.0,hot:pn=15:ps=20
,,,BV1LH9MBUEn4,hot,hot:pn=15:ps=20,2026-04-04T11:40:37.942228+00:00,2026-04-04T11:40:37.942228+00:00,6014992,172,2026-04-03T13:09:54+00:00,364,245978.0,hot:pn=15:ps=20
,,,BV18N9jBaETD,hot,hot:pn=15:ps=20,2026-04-04T11:40:37.942228+00:00,2026-04-04T11:40:37.942228+00:00,3546637525846534,65,2026-04-03T02:00:00+00:00,271,4982952.0,hot:pn=15:ps=20
,,,BV1HP9KBpETh,hot,hot:pn=15:ps=20,2026-04-04T11:40:37.942228+00:00,2026-04-04T11:40:37.942228+00:00,89770826,47,2026-04-02T23:52:48+00:00,198,176851.0,hot:pn=15:ps=20
,,,BV13h9MBkEcU,hot,hot:pn=15:ps=20,2026-04-04T11:40:37.942228+00:00,2026-04-04T11:40:37.942228+00:00,98666360,228,2026-04-03T11:17:10+00:00,1382,247239.0,hot:pn=15:ps=20
,,,BV1M89LB4Ex2,hot,hot:pn=15:ps=20,2026-04-04T11:40:37.942228+00:00,2026-04-04T11:40:37.942228+00:00,342791691,208,2026-04-01T03:28:18+00:00,212,454688.0,hot:pn=15:ps=20
,,,BV1zCXjBkEwT,hot,hot:pn=15:ps=20,2026-04-04T11:40:37.942228+00:00,2026-04-04T11:40:37.942228+00:00,1409437470,130,2026-03-28T12:47:27+00:00,169,3026606.0,hot:pn=15:ps=20
,,,BV1C99cBCEhA,hot,hot:pn=15:ps=20,2026-04-04T11:40:37.942228+00:00,2026-04-04T11:40:37.942228+00:00,3493272815143060,24,2026-04-02T17:16:55+00:00,128,182914.0,hot:pn=15:ps=20
,,,BV119Q1BeEYx,hot,hot:pn=15:ps=20,2026-04-04T11:40:37.942228+00:00,2026-04-04T11:40:37.942228+00:00,471303350,95,2026-03-31T04:00:00+00:00,374,3880413.0,hot:pn=15:ps=20
,,,BV1yW9uBKERf,hot,hot:pn=15:ps=20,2026-04-04T11:40:37.942228+00:00,2026-04-04T11:40:37.942228+00:00,242020511,182,2026-04-04T03:00:00+00:00,1703,109140.0,hot:pn=15:ps=20
,,,BV1gB9GBWENQ,hot,hot:pn=15:ps=20,2026-04-04T11:40:37.942228+00:00,2026-04-04T11:40:37.942228+00:00,17620039,24,2026-04-01T03:34:11+00:00,1308,630375.0,hot:pn=15:ps=20
,,,BV1eaXBB8EK7,hot,hot:pn=15:ps=20,2026-04-04T11:40:37.942228+00:00,2026-04-04T11:40:37.942228+00:00,3493085912763265,137,2026-03-31T13:00:00+00:00,2258,1390492.0,hot:pn=15:ps=20
,,,BV1Kk9MBNEcJ,hot,hot:pn=15:ps=20,2026-04-04T11:40:37.942228+00:00,2026-04-04T11:40:37.942228+00:00,540564177,244,2026-04-03T12:12:14+00:00,1131,239847.0,hot:pn=15:ps=20
,,,BV1ErXUBPEfP,hot,hot:pn=15:ps=20,2026-04-04T11:40:37.942228+00:00,2026-04-04T11:40:37.942228+00:00,3546868848003473,28,2026-03-29T01:57:17+00:00,125,224774.0,hot:pn=15:ps=20
,,,BV1jDDKBgE1v,hot,hot:pn=16:ps=20,2026-04-04T11:40:37.942228+00:00,2026-04-04T11:40:37.942228+00:00,26107321,138,2026-04-04T04:08:24+00:00,203,77955.0,hot:pn=16:ps=20
,,,BV1bS95B9Ew9,hot,hot:pn=16:ps=20,2026-04-04T11:40:37.942228+00:00,2026-04-04T11:40:37.942228+00:00,20841379,138,2026-04-01T09:09:36+00:00,256,683942.0,hot:pn=16:ps=20
,,,BV1ux9PB8EsD,hot,hot:pn=16:ps=20,2026-04-04T11:40:37.942228+00:00,2026-04-04T11:40:37.942228+00:00,3546377478998801,21,2026-04-03T00:00:00+00:00,153,573722.0,hot:pn=16:ps=20
,,,BV1rBXzB5Ekw,hot,hot:pn=16:ps=20,2026-04-04T11:40:37.942228+00:00,2026-04-04T11:40:37.942228+00:00,3494373438261572,21,2026-03-31T06:11:57+00:00,139,1570528.0,hot:pn=16:ps=20
,,,BV1xf9TBeEnj,hot,hot:pn=16:ps=20,2026-04-04T11:40:37.942228+00:00,2026-04-04T11:40:37.942228+00:00,1519519232,17,2026-04-03T05:05:03+00:00,284,148575.0,hot:pn=16:ps=20
,,,BV1fUXrBLEFS,hot,hot:pn=16:ps=20,2026-04-04T11:40:37.942228+00:00,2026-04-04T11:40:37.942228+00:00,1265680561,17,2026-03-31T09:27:47+00:00,164,224198.0,hot:pn=16:ps=20
,,,BV1pe9FBBEmw,hot,hot:pn=16:ps=20,2026-04-04T11:40:37.942228+00:00,2026-04-04T11:40:37.942228+00:00,523347986,172,2026-04-02T13:04:20+00:00,40,1214361.0,hot:pn=16:ps=20
,,,BV1PX9WBCEjR,hot,hot:pn=16:ps=20,2026-04-04T11:40:37.942228+00:00,2026-04-04T11:40:37.942228+00:00,1550137,172,2026-04-03T10:00:00+00:00,218,369708.0,hot:pn=16:ps=20
,,,BV1959VBZEJB,hot,hot:pn=16:ps=20,2026-04-04T11:40:37.942228+00:00,2026-04-04T11:40:37.942228+00:00,1060544882,31,2026-04-01T01:47:00+00:00,141,1015905.0,hot:pn=16:ps=20
,,,BV17V9KBjEB4,hot,hot:pn=16:ps=20,2026-04-04T11:40:37.942228+00:00,2026-04-04T11:40:37.942228+00:00,3546583054420470,243,2026-04-03T00:57:46+00:00,3064,591556.0,hot:pn=16:ps=20
,,,BV1A19KBsE7f,hot,hot:pn=16:ps=20,2026-04-04T11:40:37.942228+00:00,2026-04-04T11:40:37.942228+00:00,488779255,253,2026-04-03T08:33:29+00:00,480,394341.0,hot:pn=16:ps=20
,,,BV1CYXjBJEyx,hot,hot:pn=16:ps=20,2026-04-04T11:40:37.942228+00:00,2026-04-04T11:40:37.942228+00:00,1663236252,213,2026-03-28T12:09:20+00:00,326,465737.0,hot:pn=16:ps=20
,,,BV11J9TBcEct,hot,hot:pn=16:ps=20,2026-04-04T11:40:37.942228+00:00,2026-04-04T11:40:37.942228+00:00,3546382956759627,243,2026-04-03T11:00:00+00:00,635,232358.0,hot:pn=16:ps=20
,,,BV1uWXrBYEqP,hot,hot:pn=16:ps=20,2026-04-04T11:40:37.942228+00:00,2026-04-04T11:40:37.942228+00:00,17131900,209,2026-03-31T10:38:55+00:00,53,969956.0,hot:pn=16:ps=20
,,,BV1Xo9wB8EpW,hot,hot:pn=16:ps=20,2026-04-04T11:40:37.942228+00:00,2026-04-04T11:40:37.942228+00:00,1422510430,238,2026-04-02T15:48:57+00:00,38,2493216.0,hot:pn=16:ps=20
,,,BV1MJXZBgEwH,hot,hot:pn=16:ps=20,2026-04-04T11:40:37.942228+00:00,2026-04-04T11:40:37.942228+00:00,11073,31,2026-04-03T09:00:00+00:00,275,226696.0,hot:pn=16:ps=20
,,,BV17LXeBRECC,hot,hot:pn=16:ps=20,2026-04-04T11:40:37.942228+00:00,2026-04-04T11:40:37.942228+00:00,149574778,220,2026-03-30T10:13:23+00:00,1344,1343816.0,hot:pn=16:ps=20
,,,BV1o29FBbEPm,hot,hot:pn=16:ps=20,2026-04-04T11:40:37.942228+00:00,2026-04-04T11:40:37.942228+00:00,701291691,218,2026-04-02T11:20:11+00:00,191,276750.0,hot:pn=16:ps=20
,,,BV18o9nBVEUq,hot,hot:pn=16:ps=20,2026-04-04T11:40:37.942228+00:00,2026-04-04T11:40:37.942228+00:00,37029661,229,2026-04-02T04:00:00+00:00,729,325661.0,hot:pn=16:ps=20
,,,BV1nuXeBfEsC,hot,hot:pn=16:ps=20,2026-04-04T11:40:37.942228+00:00,2026-04-04T11:40:37.942228+00:00,432044872,76,2026-03-30T10:21:05+00:00,143,928571.0,hot:pn=16:ps=20
,,,BV1VSXqBFEtT,hot,hot:pn=17:ps=20,2026-04-04T11:40:37.942228+00:00,2026-04-04T11:40:37.942228+00:00,1699496602,138,2026-03-31T03:31:07+00:00,128,1857304.0,hot:pn=17:ps=20
,,,BV19LXXBqEh2,hot,hot:pn=17:ps=20,2026-04-04T11:40:37.942228+00:00,2026-04-04T11:40:37.942228+00:00,300994119,243,2026-03-29T11:18:38+00:00,190,1038390.0,hot:pn=17:ps=20
,,,BV1BfXLBkEYs,hot,hot:pn=17:ps=20,2026-04-04T11:40:37.942228+00:00,2026-04-04T11:40:37.942228+00:00,179782501,138,2026-03-28T15:11:38+00:00,226,3610044.0,hot:pn=17:ps=20
,,,BV1sxXZBKEzF,hot,hot:pn=17:ps=20,2026-04-04T11:40:37.942228+00:00,2026-04-04T11:40:37.942228+00:00,1390813455,254,2026-04-02T09:53:41+00:00,130,2035410.0,hot:pn=17:ps=20
,,,BV15F9NBTEa5,hot,hot:pn=17:ps=20,2026-04-04T11:40:37.942228+00:00,2026-04-04T11:40:37.942228+00:00,36416972,21,2026-04-03T09:00:00+00:00,410,735676.0,hot:pn=17:ps=20
,,,BV1NE9jB9E7o,hot,hot:pn=17:ps=20,2026-04-04T11:40:37.942228+00:00,2026-04-04T11:40:37.942228+00:00,362102867,65,2026-04-01T10:18:38+00:00,213,771051.0,hot:pn=17:ps=20
,,,BV1V99wBYEqB,hot,hot:pn=17:ps=20,2026-04-04T11:40:37.942228+00:00,2026-04-04T11:40:37.942228+00:00,686127,17,2026-04-02T15:49:46+00:00,1204,1211362.0,hot:pn=17:ps=20
,,,BV1kFDKB5ExH,hot,hot:pn=17:ps=20,2026-04-04T11:40:37.942228+00:00,2026-04-04T11:40:37.942228+00:00,132569461,172,2026-04-04T09:00:00+00:00,213,47821.0,hot:pn=17:ps=20
,,,BV1EfXfBaEh4,hot,hot:pn=17:ps=20,2026-04-04T11:40:37.942228+00:00,2026-04-04T11:40:37.942228+00:00,235630215,65,2026-04-02T13:55:42+00:00,463,344118.0,hot:pn=17:ps=20
,,,BV1Vk9jBTEzU,hot,hot:pn=17:ps=20,2026-04-04T11:40:37.942228+00:00,2026-04-04T11:40:37.942228+00:00,1060544882,31,2026-04-01T09:11:51+00:00,138,1295084.0,hot:pn=17:ps=20
,,,BV1biXoBzE8c,hot,hot:pn=17:ps=20,2026-04-04T11:40:37.942228+00:00,2026-04-04T11:40:37.942228+00:00,3546977639860384,218,2026-03-30T02:15:16+00:00,73,1242672.0,hot:pn=17:ps=20
,,,BV1te9MB6E1X,hot,hot:pn=17:ps=20,2026-04-04T11:40:37.942228+00:00,2026-04-04T11:40:37.942228+00:00,1254294604,259,2026-04-03T11:24:35+00:00,177,2574457.0,hot:pn=17:ps=20
,,,BV174XQB3EHT,hot,hot:pn=17:ps=20,2026-04-04T11:40:37.942228+00:00,2026-04-04T11:40:37.942228+00:00,472102908,76,2026-03-29T13:47:41+00:00,138,1571299.0,hot:pn=17:ps=20
,,,BV1bGXyBqErH,hot,hot:pn=17:ps=20,2026-04-04T11:40:37.942228+00:00,2026-04-04T11:40:37.942228+00:00,262453663,59,2026-03-28T19:53:37+00:00,54,5425518.0,hot:pn=17:ps=20
,,,BV1cnXQBLEUt,hot,hot:pn=17:ps=20,2026-04-04T11:40:37.942228+00:00,2026-04-04T11:40:37.942228+00:00,3625254,219,2026-03-29T13:54:22+00:00,503,580518.0,hot:pn=17:ps=20
,,,BV1Ru93BWExG,hot,hot:pn=17:ps=20,2026-04-04T11:40:37.942228+00:00,2026-04-04T11:40:37.942228+00:00,654552,47,2026-04-04T02:00:00+00:00,1064,200044.0,hot:pn=17:ps=20
,,,BV1d49WB8EXP,hot,hot:pn=17:ps=20,2026-04-04T11:40:37.942228+00:00,2026-04-04T11:40:37.942228+00:00,1745584728,193,2026-04-02T04:01:23+00:00,217,2148902.0,hot:pn=17:ps=20
,,,BV1K69MBiEu6,hot,hot:pn=17:ps=20,2026-04-04T11:40:37.942228+00:00,2026-04-04T11:40:37.942228+00:00,504453319,95,2026-04-03T12:18:06+00:00,3526,146522.0,hot:pn=17:ps=20
,,,BV1uQ9jBcEpy,hot,hot:pn=17:ps=20,2026-04-04T11:40:37.942228+00:00,2026-04-04T11:40:37.942228+00:00,482559656,76,2026-04-01T10:14:55+00:00,38,1625324.0,hot:pn=17:ps=20
,,,BV18T9jBcEcL,hot,hot:pn=17:ps=20,2026-04-04T11:40:37.942228+00:00,2026-04-04T11:40:37.942228+00:00,1117551831,228,2026-04-01T02:55:22+00:00,1120,1249116.0,hot:pn=17:ps=20
,,,BV1Ug9NBbEtT,hot,hot:pn=18:ps=20,2026-04-04T11:40:37.942228+00:00,2026-04-04T11:40:37.942228+00:00,438256074,216,2026-04-03T02:24:05+00:00,121,623421.0,hot:pn=18:ps=20
,,,BV1ZhX9BLEfP,hot,hot:pn=18:ps=20,2026-04-04T11:40:37.942228+00:00,2026-04-04T11:40:37.942228+00:00,106320250,138,2026-04-03T10:00:00+00:00,160,378704.0,hot:pn=18:ps=20
,,,BV1mz9MBTEoS,hot,hot:pn=18:ps=20,2026-04-04T11:40:37.942228+00:00,2026-04-04T11:40:37.942228+00:00,3546875875560270,138,2026-04-03T12:07:00+00:00,126,323251.0,hot:pn=18:ps=20
,,,BV1QA9NBPEJD,hot,hot:pn=18:ps=20,2026-04-04T11:40:37.942228+00:00,2026-04-04T11:40:37.942228+00:00,1485277312,21,2026-04-03T03:57:03+00:00,708,322855.0,hot:pn=18:ps=20
,,,BV1hY9MB3E3q,hot,hot:pn=18:ps=20,2026-04-04T11:40:37.942228+00:00,2026-04-04T11:40:37.942228+00:00,496688267,21,2026-04-03T11:18:03+00:00,1794,196668.0,hot:pn=18:ps=20
,,,BV1GM9uB7Eeb,hot,hot:pn=18:ps=20,2026-04-04T11:40:37.942228+00:00,2026-04-04T11:40:37.942228+00:00,87746237,171,2026-04-04T04:00:00+00:00,221,127494.0,hot:pn=18:ps=20
,,,BV1AkXaBbEH6,hot,hot:pn=18:ps=20,2026-04-04T11:40:37.942228+00:00,2026-04-04T11:40:37.942228+00:00,3546387551620055,65,2026-03-30T13:16:26+00:00,119,1251478.0,hot:pn=18:ps=20
,,,BV1j6XZBdEZv,hot,hot:pn=18:ps=20,2026-04-04T11:40:37.942228+00:00,2026-04-04T11:40:37.942228+00:00,48455786,171,2026-04-03T11:00:00+00:00,47,574906.0,hot:pn=18:ps=20
,,,BV1yw9MBaEvi,hot,hot:pn=18:ps=20,2026-04-04T11:40:37.942228+00:00,2026-04-04T11:40:37.942228+00:00,2788740,172,2026-04-03T12:39:54+00:00,334,159230.0,hot:pn=18:ps=20
,,,BV1HxXdBtEvc,hot,hot:pn=18:ps=20,2026-04-04T11:40:37.942228+00:00,2026-04-04T11:40:37.942228+00:00,3546978568899046,193,2026-03-30T02:05:00+00:00,205,1180822.0,hot:pn=18:ps=20
,,,BV1YBX6BPEMB,hot,hot:pn=18:ps=20,2026-04-04T11:40:37.942228+00:00,2026-04-04T11:40:37.942228+00:00,1488429768,95,2026-03-31T09:00:00+00:00,2553,1523662.0,hot:pn=18:ps=20
,,,BV1SL9uBrErG,hot,hot:pn=18:ps=20,2026-04-04T11:40:37.942228+00:00,2026-04-04T11:40:37.942228+00:00,3546668460935294,47,2026-04-03T09:15:12+00:00,312,212798.0,hot:pn=18:ps=20
,,,BV1m29WB2EtQ,hot,hot:pn=18:ps=20,2026-04-04T11:40:37.942228+00:00,2026-04-04T11:40:37.942228+00:00,6768352,47,2026-04-03T03:05:00+00:00,152,379073.0,hot:pn=18:ps=20
,,,BV1UtXrBfEWQ,hot,hot:pn=18:ps=20,2026-04-04T11:40:37.942228+00:00,2026-04-04T11:40:37.942228+00:00,475443398,201,2026-03-31T11:34:55+00:00,567,1467338.0,hot:pn=18:ps=20
,,,BV1crXzBVEw9,hot,hot:pn=18:ps=20,2026-04-04T11:40:37.942228+00:00,2026-04-04T11:40:37.942228+00:00,520819684,207,2026-03-31T09:30:00+00:00,731,1465064.0,hot:pn=18:ps=20
,,,BV18L9uBkE2j,hot,hot:pn=18:ps=20,2026-04-04T11:40:37.942228+00:00,2026-04-04T11:40:37.942228+00:00,26798384,201,2026-04-03T09:30:00+00:00,543,445211.0,hot:pn=18:ps=20
,,,BV1epXoBEENs,hot,hot:pn=18:ps=20,2026-04-04T11:40:37.942228+00:00,2026-04-04T11:40:37.942228+00:00,3494352594667923,245,2026-03-30T01:44:33+00:00,82,791300.0,hot:pn=18:ps=20
,,,BV1XSXZBUEgk,hot,hot:pn=18:ps=20,2026-04-04T11:40:37.942228+00:00,2026-04-04T11:40:37.942228+00:00,23947287,228,2026-04-03T03:00:00+00:00,2035,486467.0,hot:pn=18:ps=20
,,,BV1gY9MB3E65,hot,hot:pn=18:ps=20,2026-04-04T11:40:37.942228+00:00,2026-04-04T11:40:37.942228+00:00,3546630773016865,137,2026-04-03T11:20:49+00:00,3940,752002.0,hot:pn=18:ps=20
,,,BV1js9cBeEmy,hot,hot:pn=18:ps=20,2026-04-04T11:40:37.942228+00:00,2026-04-04T11:40:37.942228+00:00,3670216,137,2026-04-02T12:00:00+00:00,3255,1057926.0,hot:pn=18:ps=20
,,,BV1mgXkBcEbP,hot,hot:pn=19:ps=20,2026-04-04T11:40:37.942228+00:00,2026-04-04T11:40:37.942228+00:00,291054838,213,2026-04-01T09:30:00+00:00,482,1239247.0,hot:pn=19:ps=20
,,,BV15dXrBrEgM,hot,hot:pn=19:ps=20,2026-04-04T11:40:37.942228+00:00,2026-04-04T11:40:37.942228+00:00,3969839,138,2026-03-31T10:34:40+00:00,684,2024633.0,hot:pn=19:ps=20
,,,BV1xKXBB7Emi,hot,hot:pn=19:ps=20,2026-04-04T11:40:37.942228+00:00,2026-04-04T11:40:37.942228+00:00,3706939225672676,250,2026-03-31T01:17:37+00:00,342,1439846.0,hot:pn=19:ps=20
,,,BV1mhXrBoEnw,hot,hot:pn=19:ps=20,2026-04-04T11:40:37.942228+00:00,2026-04-04T11:40:37.942228+00:00,41053374,21,2026-03-31T11:26:38+00:00,494,1301917.0,hot:pn=19:ps=20
,,,BV1tJXZBgEdG,hot,hot:pn=19:ps=20,2026-04-04T11:40:37.942228+00:00,2026-04-04T11:40:37.942228+00:00,385786354,250,2026-04-02T09:04:46+00:00,738,601528.0,hot:pn=19:ps=20
,,,BV1RhDNBPEBu,hot,hot:pn=19:ps=20,2026-04-04T11:40:37.942228+00:00,2026-04-04T11:40:37.942228+00:00,1915056903,172,2026-04-04T06:44:20+00:00,154,162088.0,hot:pn=19:ps=20
,,,BV1D897BPEgF,hot,hot:pn=19:ps=20,2026-04-04T11:40:37.942228+00:00,2026-04-04T11:40:37.942228+00:00,401742377,172,2026-04-02T04:00:00+00:00,688,1708125.0,hot:pn=19:ps=20
,,,BV1CU9HBqE1S,hot,hot:pn=19:ps=20,2026-04-04T11:40:37.942228+00:00,2026-04-04T11:40:37.942228+00:00,354278618,17,2026-04-01T23:26:29+00:00,246,1351041.0,hot:pn=19:ps=20
,,,BV1G9DwBQE3j,hot,hot:pn=19:ps=20,2026-04-04T11:40:37.942228+00:00,2026-04-04T11:40:37.942228+00:00,35415568,171,2026-04-03T19:28:11+00:00,1861,71911.0,hot:pn=19:ps=20
,,,BV1FU9KBpECm,hot,hot:pn=19:ps=20,2026-04-04T11:40:37.942228+00:00,2026-04-04T11:40:37.942228+00:00,538142100,218,2026-04-03T09:10:00+00:00,256,240410.0,hot:pn=19:ps=20
,,,BV1yUXfBuEZL,hot,hot:pn=19:ps=20,2026-04-04T11:40:37.942228+00:00,2026-04-04T11:40:37.942228+00:00,1696853179,238,2026-04-02T11:30:00+00:00,48,2421978.0,hot:pn=19:ps=20
,,,BV1z4XkBJEzk,hot,hot:pn=19:ps=20,2026-04-04T11:40:37.942228+00:00,2026-04-04T11:40:37.942228+00:00,71940941,47,2026-03-31T08:48:41+00:00,70,1741861.0,hot:pn=19:ps=20
,,,BV1ff9gBcEBx,hot,hot:pn=19:ps=20,2026-04-04T11:40:37.942228+00:00,2026-04-04T11:40:37.942228+00:00,478420343,207,2026-04-03T13:32:41+00:00,776,168674.0,hot:pn=19:ps=20
,,,BV1tpDPBDEXT,hot,hot:pn=19:ps=20,2026-04-04T11:40:37.942228+00:00,2026-04-04T11:40:37.942228+00:00,601367419,228,2026-04-04T03:55:00+00:00,1603,81803.0,hot:pn=19:ps=20
,,,BV1c59cB3E9W,hot,hot:pn=19:ps=20,2026-04-04T11:40:37.942228+00:00,2026-04-04T11:40:37.942228+00:00,36909511,238,2026-04-03T09:00:00+00:00,935,287871.0,hot:pn=19:ps=20
,,,BV1Y19TBVEJJ,hot,hot:pn=19:ps=20,2026-04-04T11:40:37.942228+00:00,2026-04-04T11:40:37.942228+00:00,514805829,193,2026-04-03T04:34:41+00:00,132,282927.0,hot:pn=19:ps=20
,,,BV1Qo9FBQEPa,hot,hot:pn=19:ps=20,2026-04-04T11:40:37.942228+00:00,2026-04-04T11:40:37.942228+00:00,927587,182,2026-04-02T11:57:23+00:00,1776,569942.0,hot:pn=19:ps=20
,,,BV1uq9gBjEiu,hot,hot:pn=19:ps=20,2026-04-04T11:40:37.942228+00:00,2026-04-04T11:40:37.942228+00:00,357387034,236,2026-04-03T14:50:14+00:00,879,238877.0,hot:pn=19:ps=20
,,,BV1v4XfBWEuD,hot,hot:pn=19:ps=20,2026-04-04T11:40:37.942228+00:00,2026-04-04T11:40:37.942228+00:00,23340150,28,2026-04-02T11:00:00+00:00,266,433308.0,hot:pn=19:ps=20
,,,BV13x9KBMENB,hot,hot:pn=19:ps=20,2026-04-04T11:40:37.942228+00:00,2026-04-04T11:40:37.942228+00:00,596847138,124,2026-04-03T08:18:30+00:00,725,268397.0,hot:pn=19:ps=20
,,,BV1989WBtESN,hot,hot:pn=20:ps=20,2026-04-04T11:40:37.942228+00:00,2026-04-04T11:40:37.942228+00:00,44359329,216,2026-04-02T04:08:51+00:00,119,1060135.0,hot:pn=20:ps=20
,,,BV1FnXSBqE4f,hot,hot:pn=20:ps=20,2026-04-04T11:40:37.942228+00:00,2026-04-04T11:40:37.942228+00:00,393709394,138,2026-03-29T10:05:49+00:00,133,6078296.0,hot:pn=20:ps=20
,,,BV1DqDABHE4g,hot,hot:pn=20:ps=20,2026-04-04T11:40:37.942228+00:00,2026-04-04T11:40:37.942228+00:00,392100229,21,2026-04-03T18:34:22+00:00,460,201993.0,hot:pn=20:ps=20
,,,BV1y49uBPEYY,hot,hot:pn=20:ps=20,2026-04-04T11:40:37.942228+00:00,2026-04-04T11:40:37.942228+00:00,11870568,21,2026-04-03T09:51:10+00:00,425,291983.0,hot:pn=20:ps=20
,,,BV1YU9nBUEBo,hot,hot:pn=20:ps=20,2026-04-04T11:40:37.942228+00:00,2026-04-04T11:40:37.942228+00:00,8744013,138,2026-04-02T12:00:00+00:00,74,741008.0,hot:pn=20:ps=20
,,,BV1MYXeBVEXz,hot,hot:pn=20:ps=20,2026-04-04T11:40:37.942228+00:00,2026-04-04T11:40:37.942228+00:00,14890801,17,2026-04-04T00:00:00+00:00,1434,415934.0,hot:pn=20:ps=20
,,,BV1kzDKBmETT,hot,hot:pn=20:ps=20,2026-04-04T11:40:37.942228+00:00,2026-04-04T11:40:37.942228+00:00,385731447,173,2026-04-04T03:36:10+00:00,880,106643.0,hot:pn=20:ps=20
,,,BV1ZqXZBoEvL,hot,hot:pn=20:ps=20,2026-04-04T11:40:37.942228+00:00,2026-04-04T11:40:37.942228+00:00,1837617,17,2026-04-02T10:00:00+00:00,6236,281326.0,hot:pn=20:ps=20
,,,BV1p5X6BSEvB,hot,hot:pn=20:ps=20,2026-04-04T11:40:37.942228+00:00,2026-04-04T11:40:37.942228+00:00,383966017,65,2026-04-01T03:40:00+00:00,143,855369.0,hot:pn=20:ps=20
,,,BV12A9cBmExK,hot,hot:pn=20:ps=20,2026-04-04T11:40:37.942228+00:00,2026-04-04T11:40:37.942228+00:00,66607740,208,2026-04-02T10:32:31+00:00,1227,825189.0,hot:pn=20:ps=20
,,,BV1Eq9uBtEy5,hot,hot:pn=20:ps=20,2026-04-04T11:40:37.942228+00:00,2026-04-04T11:40:37.942228+00:00,1542201006,208,2026-04-03T09:38:55+00:00,479,135287.0,hot:pn=20:ps=20
,,,BV1nE9cBBE7W,hot,hot:pn=20:ps=20,2026-04-04T11:40:37.942228+00:00,2026-04-04T11:40:37.942228+00:00,39861398,243,2026-04-03T04:00:00+00:00,4195,320017.0,hot:pn=20:ps=20
,,,BV1wh9uBaEC2,hot,hot:pn=20:ps=20,2026-04-04T11:40:37.942228+00:00,2026-04-04T11:40:37.942228+00:00,1415483599,47,2026-04-03T09:54:55+00:00,1761,420024.0,hot:pn=20:ps=20
,,,BV1yUXSB7ECX,hot,hot:pn=20:ps=20,2026-04-04T11:40:37.942228+00:00,2026-04-04T11:40:37.942228+00:00,1774773336,229,2026-03-29T09:01:00+00:00,95,1741048.0,hot:pn=20:ps=20
,,,BV1pN9MB8E15,hot,hot:pn=20:ps=20,2026-04-04T11:40:37.942228+00:00,2026-04-04T11:40:37.942228+00:00,1335713025,220,2026-04-03T12:47:51+00:00,476,333575.0,hot:pn=20:ps=20
,,,BV1dc9TB5EGH,hot,hot:pn=20:ps=20,2026-04-04T11:40:37.942228+00:00,2026-04-04T11:40:37.942228+00:00,3493289000962756,228,2026-04-04T03:30:00+00:00,2642,65350.0,hot:pn=20:ps=20
,,,BV1Wk9KB4EFj,hot,hot:pn=20:ps=20,2026-04-04T11:40:37.942228+00:00,2026-04-04T11:40:37.942228+00:00,287795639,247,2026-04-03T08:36:52+00:00,294,337303.0,hot:pn=20:ps=20
,,,BV13J9wBdExC,hot,hot:pn=20:ps=20,2026-04-04T11:40:37.942228+00:00,2026-04-04T11:40:37.942228+00:00,3546800279522160,193,2026-04-03T10:00:00+00:00,662,286123.0,hot:pn=20:ps=20
,,,BV1Hs9TBZEvR,hot,hot:pn=20:ps=20,2026-04-04T11:40:37.942228+00:00,2026-04-04T11:40:37.942228+00:00,3537121952401913,162,2026-04-03T06:20:37+00:00,31,1053736.0,hot:pn=20:ps=20
,,,BV1nS9KBQEmV,hot,hot:pn=20:ps=20,2026-04-04T11:40:37.942228+00:00,2026-04-04T11:40:37.942228+00:00,19738891,65,2026-04-03T07:10:27+00:00,283,428936.0,hot:pn=20:ps=20
